Temperatures,310->211/300->201
1.000000000000000056e-01,inf
1.007637529238691321e-01,1.470389017233448614e+00
1.015333390330254437e-01,1.469652888818972158e+00
1.023088028785920922e-01,1.469303451995702003e+00
1.030901893519528406e-01,1.469015348945522659e+00
1.038775436873505958e-01,1.468703431930456160e+00
1.046709114645061750e-01,1.468304512933019002e+00
1.054703386112567920e-01,1.467720584674377049e+00
1.062758714062149168e-01,1.466722597577326814e+00
1.070875564814472714e-01,1.464532349786634713e+00
1.079054408251743230e-01,1.455447692861722375e+00
1.087295717844904558e-01,0.000000000000000000e+00
1.095599970681048890e-01,0.000000000000000000e+00
1.103967647491034404e-01,0.000000000000000000e+00
1.112399232677316330e-01,0.000000000000000000e+00
1.120895214341987023e-01,0.000000000000000000e+00
1.129456084315033082e-01,0.000000000000000000e+00
1.138082338182806880e-01,0.000000000000000000e+00
1.146774475316716252e-01,0.000000000000000000e+00
1.155532998902132208e-01,0.000000000000000000e+00
1.164358415967519794e-01,0.000000000000000000e+00
1.173251237413787951e-01,0.000000000000000000e+00
1.182211978043866407e-01,1.486139423296295892e+00
1.191241156592507539e-01,1.478996820665585910e+00
1.200339295756314845e-01,1.477067017387736270e+00
1.209506922224003744e-01,1.476169355454030274e+00
1.218744566706889132e-01,1.475650619107956807e+00
1.228052763969608996e-01,1.475303308353409948e+00
1.237432052861082571e-01,1.474895136245549132e+00
1.246882976345702748e-01,1.474231214058520534e+00
1.256406081534769126e-01,1.472882846936099277e+00
1.266001919718160451e-01,1.468520011163705119e+00
1.275671046396247288e-01,0.000000000000000000e+00
1.285414021312050459e-01,0.000000000000000000e+00
1.295231408483644986e-01,0.000000000000000000e+00
1.305123776236809530e-01,0.000000000000000000e+00
1.315091697237929513e-01,0.000000000000000000e+00
1.325135748527144219e-01,0.000000000000000000e+00
1.335256511551755343e-01,0.000000000000000000e+00
1.345454572199884791e-01,0.000000000000000000e+00
1.355730520834391717e-01,0.000000000000000000e+00
1.366084952327050739e-01,0.000000000000000000e+00
1.376518466092984672e-01,0.000000000000000000e+00
1.387031666125368157e-01,1.491008025853579388e+00
1.397625161030391361e-01,1.482987912093014948e+00
1.408299564062491238e-01,1.481427075717285602e+00
1.419055493159854520e-01,1.480761773213220556e+00
1.429893570980188544e-01,1.480392836924815825e+00
1.440814424936766314e-01,1.480157988791679591e+00
1.451818687234748828e-01,1.479927104357861456e+00
1.462906994907782199e-01,1.479571404066312601e+00
1.474079989854876482e-01,1.478898080293530093e+00
1.485338318877562902e-01,1.477063543953314628e+00
1.496682633717338617e-01,1.450230358901301475e+00
1.508113591093396266e-01,0.000000000000000000e+00
1.519631852740639388e-01,0.000000000000000000e+00
1.531238085447992614e-01,0.000000000000000000e+00
1.542932961096999123e-01,0.000000000000000000e+00
1.554717156700718139e-01,0.000000000000000000e+00
1.566591354442914696e-01,0.000000000000000000e+00
1.578556241717553044e-01,0.000000000000000000e+00
1.590612511168589538e-01,0.000000000000000000e+00
1.602760860730067516e-01,0.000000000000000000e+00
1.615001993666523583e-01,0.000000000000000000e+00
1.627336618613696162e-01,1.498195728519712944e+00
1.639765449619551008e-01,1.485336500455717301e+00
1.652289206185615922e-01,1.484037657955998180e+00
1.664908613308632435e-01,1.483543842927712575e+00
1.677624401522526121e-01,1.483283485099547105e+00
1.690437306940696383e-01,1.483122593668191991e+00
1.703348071298629862e-01,1.482989826372610453e+00
1.716357441996841926e-01,1.482797395631011872e+00
1.729466172144137892e-01,1.482454154782766986e+00
1.742675020601216207e-01,1.481630096945627528e+00
1.755984752024594697e-01,1.476748812125270982e+00
1.769396136910878492e-01,0.000000000000000000e+00
1.782909951641362678e-01,0.000000000000000000e+00
1.796526978526976903e-01,0.000000000000000000e+00
1.810248005853574427e-01,0.000000000000000000e+00
1.824073827927563396e-01,0.000000000000000000e+00
1.838005245121891174e-01,0.000000000000000000e+00
1.852043063922378108e-01,0.000000000000000000e+00
1.866188096974400190e-01,0.000000000000000000e+00
1.880441163129939752e-01,0.000000000000000000e+00
1.894803087494983107e-01,0.000000000000000000e+00
1.909274701477288172e-01,0.000000000000000000e+00
1.923856842834514858e-01,1.486754692765521746e+00
1.938550355722719332e-01,1.485608254371533654e+00
1.953356090745226870e-01,1.485234391248396957e+00
1.968274905001869135e-01,1.485048819112291252e+00
1.983307662138603100e-01,1.484937840697589273e+00
1.998455232397507164e-01,1.484857526223887003e+00
2.013718492667158078e-01,1.484752148532366922e+00
2.029098326533396723e-01,1.484573964511083366e+00
2.044595624330475259e-01,1.484186326215491736e+00
2.060211283192599496e-01,1.482636010339217991e+00
2.075946207105864583e-01,0.000000000000000000e+00
2.091801306960585083e-01,0.000000000000000000e+00
2.107777500604029186e-01,0.000000000000000000e+00
2.123875712893548151e-01,0.000000000000000000e+00
2.140096875750118754e-01,0.000000000000000000e+00
2.156441928212292081e-01,0.000000000000000000e+00
2.172911816490552817e-01,0.000000000000000000e+00
2.189507494022097656e-01,0.000000000000000000e+00
2.206229921526024484e-01,0.000000000000000000e+00
2.223080067058954834e-01,0.000000000000000000e+00
2.240058906071069333e-01,0.000000000000000000e+00
2.257167421462577261e-01,1.487658612934419144e+00
2.274406603640619640e-01,1.486549710928850798e+00
2.291777450576596986e-01,1.486259517233123884e+00
2.309280967863948930e-01,1.486125685699441368e+00
2.326918168776363205e-01,1.486048610648799784e+00
2.344690074326433726e-01,1.485997417422452838e+00
2.362597713324771642e-01,1.485939051651423037e+00
2.380642122439554087e-01,1.485845230563110464e+00
2.398824346256546447e-01,1.485656845651219360e+00
2.417145437339565106e-01,1.485062979336517319e+00
2.435606456291414534e-01,0.000000000000000000e+00
2.454208471815285952e-01,0.000000000000000000e+00
2.472952560776618403e-01,0.000000000000000000e+00
2.491839808265446377e-01,0.000000000000000000e+00
2.510871307659208740e-01,0.000000000000000000e+00
2.530048160686045877e-01,0.000000000000000000e+00
2.549371477488583393e-01,0.000000000000000000e+00
2.568842376688187379e-01,0.000000000000000000e+00
2.588461985449732605e-01,0.000000000000000000e+00
2.608231439546845332e-01,0.000000000000000000e+00
2.628151883427657931e-01,0.000000000000000000e+00
2.648224470281058673e-01,1.489273319689209174e+00
2.668450362103447215e-01,1.487452863062462161e+00
2.688830729766008565e-01,1.487119056137337081e+00
2.709366753082487755e-01,1.486978956742166069e+00
2.730059620877492987e-01,1.486901930933747007e+00
2.750910531055315578e-01,1.486853971338216729e+00
2.771920690669273379e-01,1.487688229214453761e+00
2.793091315991593215e-01,1.490176994866592830e+00
2.814423632583814006e-01,1.495636319404407111e+00
2.835918875367736680e-01,1.510902095486596375e+00
2.857578288696913660e-01,1.685136855205840334e+00
2.879403126428685122e-01,0.000000000000000000e+00
2.901394651996763163e-01,0.000000000000000000e+00
2.923554138484371068e-01,0.000000000000000000e+00
2.945882868697942136e-01,0.000000000000000000e+00
2.968382135241382502e-01,0.000000000000000000e+00
2.991053240590896278e-01,0.000000000000000000e+00
3.013897497170391904e-01,0.000000000000000000e+00
3.036916227427449155e-01,0.000000000000000000e+00
3.060110763909881793e-01,0.000000000000000000e+00
3.083482449342877518e-01,2.452583336956858773e+01
3.107032636706724138e-01,3.596143399859773382e+00
3.130762689315140790e-01,2.834677894119426611e+00
3.154673980894188157e-01,2.570970198997476253e+00
3.178767895661805953e-01,2.438092509707914690e+00
3.203045828407936058e-01,2.358421124648452327e+00
3.227509184575269585e-01,2.305514692928262388e+00
3.252159380340606809e-01,2.708400876632547138e+00
3.276997842696842134e-01,3.271183435402527984e+00
3.302026009535567463e-01,3.524222001859090181e+00
3.327245329730314505e-01,3.646169237192139700e+00
3.352657263220428785e-01,3.713699051121962746e+00
3.378263281095584825e-01,3.755334672060401058e+00
3.404064865680949126e-01,3.783104912497565309e+00
3.430063510622988754e-01,3.802744064969068027e+00
3.456260720975939948e-01,3.817269076147240092e+00
3.482658013288933985e-01,3.828395929777315576e+00
3.509256915693789725e-01,3.828350448769568537e+00
3.536058967993480628e-01,3.651485705579407881e+00
3.563065721751267345e-01,3.588870172019880567e+00
3.590278740380520861e-01,3.567869254315891414e+00
3.617699599235228991e-01,3.558469521321757867e+00
3.645329885701188433e-01,3.553399269687944617e+00
3.673171199287906252e-01,3.550311646598964366e+00
3.701225151721186379e-01,3.548267274651632164e+00
3.729493367036436635e-01,3.546828899877306096e+00
3.757977481672682418e-01,3.545769378913403269e+00
3.786679144567300925e-01,3.544960503131950880e+00
3.815600017251474796e-01,3.513084346800923630e+00
3.844741773946384056e-01,3.439773246336570889e+00
3.874106101660116930e-01,3.411782791530525216e+00
3.903694700285338381e-01,3.400214847265131901e+00
3.933509282697691956e-01,3.394416760773686814e+00
3.963551574854957682e-01,3.391077625246731841e+00
3.993823315896973258e-01,3.388958615647500228e+00
4.024326258246303523e-01,3.387516201159754825e+00
4.055062167709692633e-01,3.386481368442229023e+00
4.086032823580286188e-01,3.385708163174780072e+00
4.117240018740631613e-01,3.385111513356453994e+00
4.148685559766472908e-01,3.337836177510928870e+00
4.180371267031325333e-01,3.287923793429056385e+00
4.212298974811862218e-01,3.265703851095885124e+00
4.244470531394096691e-01,3.254995334429906961e+00
4.276887799180381644e-01,3.249093283402634036e+00
4.309552654797223492e-01,3.245480591521542557e+00
4.342466989203916938e-01,3.243090485446696647e+00
4.375632707802013521e-01,3.241414040216316295e+00
4.409051730545625047e-01,3.240183977633663837e+00
4.442725992052568573e-01,3.239248766719007744e+00
4.476657441716363484e-01,3.234732400422090759e+00
4.510848043819077335e-01,3.186788048980323307e+00
4.545299777645038786e-01,3.151628034281478641e+00
4.580014637595419269e-01,3.133614818390347168e+00
4.614994633303688421e-01,3.123837268764354302e+00
4.650241789751947130e-01,3.118006761611197497e+00
4.685758147388161543e-01,3.114242784158593125e+00
4.721545762244274691e-01,3.111657167559109816e+00
4.757606706055234058e-01,3.109792687339915318e+00
4.793943066378924533e-01,3.108395508674854035e+00
4.830556946717013411e-01,3.107315551576956825e+00
4.867450466636727979e-01,3.093476394489843351e+00
4.904625761893547375e-01,3.055249577010119566e+00
4.942084984554847571e-01,3.029058347296231801e+00
4.979830303124482271e-01,3.014004761465465698e+00
5.017863902668314724e-01,3.005019952172493625e+00
5.056187984940717639e-01,2.999292479922449850e+00
5.094804768512021242e-01,2.995416212561507585e+00
5.133716488896955532e-01,2.992660042697969924e+00
5.172925398684057319e-01,2.990620248942922110e+00
5.212433767666074802e-01,2.989060594265003257e+00
5.252243882971365796e-01,2.987835619856147318e+00
5.292358049196297376e-01,2.967530164262790482e+00
5.332778588538656939e-01,2.938391794649049871e+00
5.373507840932086888e-01,2.918050081039988086e+00
5.414548164181542944e-01,2.905224169187022198e+00
5.455901934099780526e-01,2.896953156292076059e+00
5.497571544644899166e-01,2.891370257785252917e+00
5.539559408058921663e-01,2.887429044923261134e+00
5.581867955007439042e-01,2.884536313735665658e+00
5.624499634720322438e-01,2.882342425414845977e+00
5.667456915133505246e-01,2.880632275847993196e+00
5.710742283031861044e-01,2.876955086041417253e+00
5.754358244193147343e-01,2.855756471317333123e+00
5.798307323533076207e-01,2.833333659450857134e+00
5.842592065251477340e-01,2.817032278386275124e+00
5.887215032979579155e-01,2.805955629892061154e+00
5.932178809928423391e-01,2.798340789693837483e+00
5.977485999038396614e-01,2.792940316918849142e+00
6.023139223129920783e-01,2.788980981136075066e+00
6.069141125055282915e-01,2.785988643460850511e+00
6.115494367851634916e-01,2.783666291696253570e+00
6.162201634895153601e-01,2.781822237742839654e+00
6.209265630056376439e-01,2.774385527498307358e+00
6.256689077856733006e-01,2.755785004850987097e+00
6.304474723626263266e-01,2.738150820440757638e+00
6.352625333662547114e-01,2.724771368343574807e+00
6.401143695390846267e-01,2.715110184077467181e+00
6.450032617525457423e-01,2.708104144421270121e+00
6.499294930232321077e-01,2.702917657262465578e+00
6.548933485292848244e-01,2.698984035712251650e+00
6.598951156269016183e-01,2.695929912021908681e+00
6.649350838669714214e-01,2.693507665844096177e+00
6.700135450118370750e-01,2.691445533697170323e+00
6.751307930521841527e-01,2.681210971992139758e+00
6.802871242240610128e-01,2.665640565654209482e+00
6.854828370260275250e-01,2.651451758261011094e+00
6.907182322364345817e-01,2.640259291980683987e+00
6.959936129308375019e-01,2.631765134365172010e+00
7.013092844995392205e-01,2.625322880223164290e+00
7.066655546652700348e-01,2.620372575793537440e+00
7.120627335010020209e-01,2.616502261956508590e+00
7.175011334478981206e-01,2.613421981143869477e+00
7.229810693334005611e-01,2.610928861037593141e+00
7.285028583894547216e-01,2.607470468316283263e+00
7.340668202708743317e-01,2.596753164988246709e+00
7.396732770738462248e-01,2.583810942627382978e+00
7.453225533545760895e-01,2.572148338736856221e+00
7.510149761480777730e-01,2.562633633278687206e+00
7.567508749871036944e-01,2.555111212693503386e+00
7.625305819212229164e-01,2.549186078935619104e+00
7.683544315360424370e-01,2.544483097094246471e+00
7.742227609725770288e-01,2.540704922124538800e+00
7.801359099467651825e-01,2.537629099987011472e+00
7.860942207691365979e-01,2.535091975038417544e+00
7.920980383646269996e-01,2.529942861692809242e+00
7.981477102925468303e-01,2.519945528916750277e+00
8.042435867667007132e-01,2.509107157378085429e+00
8.103860206756611229e-01,2.499332561062222791e+00
8.165753676031980435e-01,2.491127376706044672e+00
8.228119858488626148e-01,2.484417103174910046e+00
8.290962364487288738e-01,2.478959831402019809e+00
8.354284831962949243e-01,2.474504338912706380e+00
8.418090926635418692e-01,2.470837242545926848e+00
8.482384342221558349e-01,2.467789596072548886e+00
8.547168800649093123e-01,2.465058866467348508e+00
8.612448052272079213e-01,2.458708692478690949e+00
8.678225876088017099e-01,2.449746037385010844e+00
8.744506079956604339e-01,2.440552420747100992e+00
8.811292500820185891e-01,2.432213178373819229e+00
8.878589004925862005e-01,2.425042854471429976e+00
8.946399488049305848e-01,2.419011681249514378e+00
9.014727875720294215e-01,2.413971663170618065e+00
9.083578123449951303e-01,2.409754649925920145e+00
9.152954216959736655e-01,2.406208199171907758e+00
9.222860172412168378e-01,2.403205044736387741e+00
9.293300036643327156e-01,2.399758714862464615e+00
9.364277887397121081e-01,2.393175895241780538e+00
9.435797833561346826e-01,2.385230721896943962e+00
9.507864015405549374e-01,2.377318595581633165e+00
9.580480604820709178e-01,2.370087017154854703e+00
9.653651805560742316e-01,2.363742339835642081e+00
9.727381853485856933e-01,2.358278670973672053e+00
9.801675016807769314e-01,2.353606003981530748e+00
9.876535596336786238e-01,2.349611934358109888e+00
9.951967925730783593e-01,2.346187961023147750e+00
1.002797637174607237e+00,2.343238849482587316e+00
1.010456533449018535e+00,2.339001612960187604e+00
1.018173924767661775e+00,2.332651010583535633e+00
1.025950257888148087e+00,2.325601366583166296e+00
1.033785982980211404e+00,2.318692319363954812e+00
1.041681553651772285e+00,2.312326771804339209e+00
1.049637426975192689e+00,2.306645990989054873e+00
1.057654063513740139e+00,2.301656241201407216e+00
1.065731927348247066e+00,2.297303530416510142e+00
1.073871486103975981e+00,2.293512943068555465e+00
1.082073210977692046e+00,2.290207537346010014e+00
1.090337576764938587e+00,2.287143965973834625e+00
1.098665061887524219e+00,2.282418592660381051e+00
1.107056148421218911e+00,2.276467649704970508e+00
1.115511322123658777e+00,2.270172869347780065e+00
1.124031072462469583e+00,2.264054952709691815e+00
1.132615892643598965e+00,2.258374217220800784e+00
1.141266279639870485e+00,2.253230766969319898e+00
1.149982734219752611e+00,2.248636547164452271e+00
1.158765760976345760e+00,2.244560037652202134e+00
1.167615868356597364e+00,2.240951610562386787e+00
1.176533568690730336e+00,2.237756950694778091e+00
1.185519378221907338e+00,2.234354029900463612e+00
1.194573817136112437e+00,2.229544506361343714e+00
1.203697409592264345e+00,2.224026709252004519e+00
1.212890683752562371e+00,2.218356982548973733e+00
1.222154171813058632e+00,2.212868145661077257e+00
1.231488410034468961e+00,2.207734102094810247e+00
1.240893938773216965e+00,2.203027836093136571e+00
1.250371302512711891e+00,2.198763462128385804e+00
1.259921049894873413e+00,2.194923521016552748e+00
1.269543733751887782e+00,2.191475500080556138e+00
1.279239911138214669e+00,2.188376053685831657e+00
1.289010143362834038e+00,2.184611659865592692e+00
1.298854996021737040e+00,2.179910192479417308e+00
1.308775039030673604e+00,2.174802478686915563e+00
1.318770846658139151e+00,2.169646717853802365e+00
1.328842997558624006e+00,2.164661853661113522e+00
1.338992074806108601e+00,2.159967558353272032e+00
1.349218665927815586e+00,2.155618337340008406e+00
1.359523362938227731e+00,2.151628623379944205e+00
1.369906762373351850e+00,2.147989754006556673e+00
1.380369465325258949e+00,2.144680836600417528e+00
1.390912077476877506e+00,2.141529333482887765e+00
1.401535209137055649e+00,2.137591818375005559e+00
1.412239475275895551e+00,2.133078420134575381e+00
1.423025495560348741e+00,2.128336733639069944e+00
1.433893894390094514e+00,2.123602573367565860e+00
1.444845300933679244e+00,2.119023887583332932e+00
1.455880349164945686e+00,2.114685236482538144e+00
1.466999677899729182e+00,2.110628175489913883e+00
1.478203930832838742e+00,2.106866526732382727e+00
1.489493756575323236e+00,2.103397105105865084e+00
1.500869808692014917e+00,2.100206924613715387e+00
1.512332745739368711e+00,2.096905333721854614e+00
1.523883231303583941e+00,2.092956609941391655e+00
1.535521934039015823e+00,2.088654359382364323e+00
1.547249527706890948e+00,2.084229512888714719e+00
1.559066691214303191e+00,2.079840841425112163e+00
1.570974108653521606e+00,2.075590825633867542e+00
1.582972469341590305e+00,2.071540648458642941e+00
1.595062467860229649e+00,2.067722569182293579e+00
1.607244804096051638e+00,2.064149376082668574e+00
1.619520183281069281e+00,2.060821254200089214e+00
1.631889316033528603e+00,2.057714106515183161e+00
1.644352918399043073e+00,2.054261828100774956e+00
1.656911711892042671e+00,2.050381491059365846e+00
1.669566423537548472e+00,2.046285478707459582e+00
1.682317785913253205e+00,2.042129874149853919e+00
1.695166537191935774e+00,2.038023927916124300e+00
1.708113421184190628e+00,2.034040258703745607e+00
1.721159187381485323e+00,2.030224087569761249e+00
1.734304590999553808e+00,2.026600858209100853e+00
1.747550393022109017e+00,2.023182173671018269e+00
1.760897360244901400e+00,2.019970243656135533e+00
1.774346265320106530e+00,2.016847201078884044e+00
1.787897886801050884e+00,2.013343356415886909e+00
1.801553009187288668e+00,2.009565273808897601e+00
1.815312422970008388e+00,2.005657601691258840e+00
1.829176924677800908e+00,2.001727756801607416e+00
1.843147316922767454e+00,1.997852480272507281e+00
1.857224408446979780e+00,1.994084311364282103e+00
1.871409014169305163e+00,1.990457318539321285e+00
1.885701955232573113e+00,1.986991852432373751e+00
1.900104059051118677e+00,1.983698320559045047e+00
1.914616159358678127e+00,1.980580094295871563e+00
1.929239096256650354e+00,1.977391009429618318e+00
1.943973716262737295e+00,1.973899505937233734e+00
1.958820872359940735e+00,1.970232540063610926e+00
1.973781424045947919e+00,1.966490025165956945e+00
1.988856237382885084e+00,1.962747220321167552e+00
2.004046185047449580e+00,1.959059077082860423e+00
2.019352146381437674e+00,1.955464332505219449e+00
2.034775007442639616e+00,1.951989094921354306e+00
2.050315661056141270e+00,1.948649841301379304e+00
2.065975006866003660e+00,1.945455841857768764e+00
2.081753951387347534e+00,1.942389621621772866e+00
2.097653408058830049e+00,1.939141857454348861e+00
2.113674297295519366e+00,1.935693147260191260e+00
2.129817546542184470e+00,1.932132803127537768e+00
2.146084090326977556e+00,1.928530875175651582e+00
2.162474870315539643e+00,1.924941002097686038e+00
2.178990835365509859e+00,1.921403234081060507e+00
2.195632941581453945e+00,1.917946621932107076e+00
2.212402152370216424e+00,1.914591477741216741e+00
2.229299438496686658e+00,1.911351282514940797e+00
2.246325778140002782e+00,1.908234256265685103e+00
2.263482156950173518e+00,1.905160309737059965e+00
2.280769568105135647e+00,1.901898393881765292e+00
2.298189012368256456e+00,1.898503540901218756e+00
2.315741498146257626e+00,1.895038501585978086e+00
2.333428041547599641e+00,1.891553117597551292e+00
2.351249666441302288e+00,1.888086232021180866e+00
2.369207404516210147e+00,1.884667504502453017e+00
2.387302295340727021e+00,1.881319052766444511e+00
2.405535386422986033e+00,1.878056887254108132e+00
2.423907733271497111e+00,1.874892134051368231e+00
2.442420399456248781e+00,1.871831814529002491e+00
2.461074456670271360e+00,1.868721121685226860e+00
2.479870984791687327e+00,1.865467984113351019e+00
2.498811071946215101e+00,1.862126994726606588e+00
2.517895814570169311e+00,1.858742785683538790e+00
2.537126317473927806e+00,1.855351315808791091e+00
2.556503693905887609e+00,1.851981122294010129e+00
2.576029065616916469e+00,1.848654482267139354e+00
2.595703562925283592e+00,1.845388456201193073e+00
2.615528324782099734e+00,1.842195803029568868e+00
2.635504498837248910e+00,1.839085768254769659e+00
2.655633241505820141e+00,1.836043845918295947e+00
2.675915718035061897e+00,1.832905108686386564e+00
2.696353102571827698e+00,1.829669709028590274e+00
2.716946578230555076e+00,1.826376470139951635e+00
2.737697337161753897e+00,1.823057509384477859e+00
2.758606580621012938e+00,1.819739096670513367e+00
2.779675519038552700e+00,1.816442463922665951e+00
2.800905372089283585e+00,1.813184546507949690e+00
2.822297368763421854e+00,1.809978647746634639e+00
2.843852747437634942e+00,1.806835024613273166e+00
2.865572755946721450e+00,1.803761397210938977e+00
2.887458651655862241e+00,1.800703828837522336e+00
2.909511701533395112e+00,1.797552574638833445e+00
2.931733182224171674e+00,1.794335622865957269e+00
2.954124380123449356e+00,1.791080840324829060e+00
2.976686591451372266e+00,1.787811579632071046e+00
2.999421122328003175e+00,1.784547239376575778e+00
3.022329288848930595e+00,1.781303783217313974e+00
3.045412417161467822e+00,1.778094212130714169e+00
3.068671843541411093e+00,1.774928987874980546e+00
3.092108914470406589e+00,1.771816408351758909e+00
3.115724986713892974e+00,1.768761077537835069e+00
3.139521427399640352e+00,1.765671525347080051e+00
3.163499614096903834e+00,1.762513697215867703e+00
3.187660934896156650e+00,1.759311180381267548e+00
3.212006788489458753e+00,1.756084137090490493e+00
3.236538584251422712e+00,1.752849691594074555e+00
3.261257742320794684e+00,1.749622290459232676e+00
3.286165693682678857e+00,1.746414033217848383e+00
3.311263880251363645e+00,1.743234972295754748e+00
3.336553754953804685e+00,1.740093382524710686e+00
3.362036781813730446e+00,1.736996001446756477e+00
3.387714436036387333e+00,1.733930954670803049e+00
3.413588204093952694e+00,1.730814145890763767e+00
3.439659583811570887e+00,1.727649945682718347e+00
3.465930084454075466e+00,1.724455316597717447e+00
3.492401226813353965e+00,1.721244931593648220e+00
3.519074543296381030e+00,1.718031422828950827e+00
3.545951578013942118e+00,1.714825610742944484e+00
3.573033886870006448e+00,1.711636713204984117e+00
3.600323037651809610e+00,1.708472535127452785e+00
3.627820610120609857e+00,1.705339639355618164e+00
3.655528196103131844e+00,1.702243499915875535e+00
3.683447399583730686e+00,1.699149196499733394e+00
3.711579836797231913e+00,1.696008543429043058e+00
3.739927136322506840e+00,1.692834875503471670e+00
3.768490939176745602e+00,1.689640423232346977e+00
3.797272898910450056e+00,1.686435895190373735e+00
3.826274681703169644e+00,1.683230635328671898e+00
3.855497966459940695e+00,1.680032766948179157e+00
3.884944444908492223e+00,1.676849323855212681e+00
3.914615821697172926e+00,1.673686369366956583e+00
3.944513814493627368e+00,1.670549103924896306e+00
3.974640154084245314e+00,1.667439194189024088e+00
4.004996584474338484e+00,1.664307409517069347e+00
4.035584862989119337e+00,1.661142577444401525e+00
4.066406760375419260e+00,1.657954615834735579e+00
4.097464060904197680e+00,1.654752333256234609e+00
4.128758562473841209e+00,1.651543535909326010e+00
4.160292076714230625e+00,1.648335125449110317e+00
4.192066429091632074e+00,1.645133188252877243e+00
4.224083459014354780e+00,1.641943076703487936e+00
4.256345019939248076e+00,1.638769483062718635e+00
4.288852979478992467e+00,1.635616506499477429e+00
4.321609219510210487e+00,1.632475479511880767e+00
4.354615636282418656e+00,1.629307437117632151e+00
4.387874140527786793e+00,1.626116008311812688e+00
4.421386657571763301e+00,1.622908212207837320e+00
4.455155127444528240e+00,1.619690352058182903e+00
4.489181504993290162e+00,1.616468080633268078e+00
4.523467759995469351e+00,1.613246459866059190e+00
4.558015877272711514e+00,1.610030015227268185e+00
4.592827856805799414e+00,1.606822785267155940e+00
4.627905713850430480e+00,1.603628366730805777e+00
4.663251479053868387e+00,1.600449954917944284e+00
4.698867198572513892e+00,1.597267292685541795e+00
4.734754934190337217e+00,1.594062550093396258e+00
4.770916763438252772e+00,1.590841119226700906e+00
4.807354779714375859e+00,1.587607898252796135e+00
4.844071092405204837e+00,1.584367334080122314e+00
4.881067827007750104e+00,1.581123461227192273e+00
4.918347125252555685e+00,1.577879937251801534e+00
4.955911145227704040e+00,1.574640075057373467e+00
4.993762061503737471e+00,1.571406872363203755e+00
5.031902065259537871e+00,1.568183038598119472e+00
5.070333364409190580e+00,1.564968599372271063e+00
5.109058183729775493e+00,1.561741284754006420e+00
5.148078764990185796e+00,1.558498264068540973e+00
5.187397367080884614e+00,1.555243165890236146e+00
5.227016266144674184e+00,1.551979320272882878e+00
5.266937755708470448e+00,1.548709783143620955e+00
5.307164146816059080e+00,1.545437358523316540e+00
5.347697768161899567e+00,1.542164618787845498e+00
5.388540966225921380e+00,1.538893923161360977e+00
5.429696105409355766e+00,1.535627434612018227e+00
5.471165568171628912e+00,1.532367135302483918e+00
5.512951755168259638e+00,1.529108153102229917e+00
5.555057085389849547e+00,1.525836163320037020e+00
5.597483996302115017e+00,1.522552901733889019e+00
5.640234943986977889e+00,1.519260697758875400e+00
5.683312403284768166e+00,1.515961711149294899e+00
5.726718867937470314e+00,1.512657945100828405e+00
5.770456850733106435e+00,1.509351258195698486e+00
5.814528883651187918e+00,1.506043375307312138e+00
5.858937518009287082e+00,1.502735897567708978e+00
5.903685324610750129e+00,1.499430311489592826e+00
5.948774893893495452e+00,1.496127887429947068e+00
5.994208836080001213e+00,1.492820432786449159e+00
6.039989781328381824e+00,1.489503303770046028e+00
6.086120379884672360e+00,1.486177958704075097e+00
6.132603302236237397e+00,1.482845763071914069e+00
6.179441239266360242e+00,1.479507996409052950e+00
6.226636902410032981e+00,1.476165858587999979e+00
6.274193023810902048e+00,1.472820475557627073e+00
6.322112356479448358e+00,1.469472904591501594e+00
6.370397674452353165e+00,1.466124139093616829e+00
6.419051772953072721e+00,1.462775113004548766e+00
6.468077468553675935e+00,1.459425634188423304e+00
6.517477599337873073e+00,1.456069782946555868e+00
6.567255025065329654e+00,1.452707110260177403e+00
6.617412627337210473e+00,1.449338298228017852e+00
6.667953309762981284e+00,1.445963993562904282e+00
6.718879998128525877e+00,1.442584810102631732e+00
6.770195640565487949e+00,1.439201331104702719e+00
6.821903207721965678e+00,1.435814111346293664e+00
6.874005692934465728e+00,1.432423679048434595e+00
6.926506112401180637e+00,1.429030537641309717e+00
6.979407505356620689e+00,1.425635167385731483e+00
7.032712934247521197e+00,1.422236748864264433e+00
7.086425484910156669e+00,1.418833387804543600e+00
7.140548266748966810e+00,1.415425162182772256e+00
7.195084412916545880e+00,1.412012182344617672e+00
7.250037080495049580e+00,1.408594558006386332e+00
7.305409450678924443e+00,1.405172398323059957e+00
7.361204728959094723e+00,1.401745811949848264e+00
7.417426145308514407e+00,1.398314907097862214e+00
7.474076954369138548e+00,1.394879791584460627e+00
7.531160435640363637e+00,1.391440572878738458e+00
7.588679893668839327e+00,1.387997387278316230e+00
7.646638658239801600e+00,1.384550968238183577e+00
7.705040084569817260e+00,1.381101337053378675e+00
7.763887553501005456e+00,1.377648163966618045e+00
7.823184471696782438e+00,1.374191139474812307e+00
7.882934271839039830e+00,1.370729973029721549e+00
7.943140412826889651e+00,1.367264391842263338e+00
8.003806379976888152e+00,1.363794139780954096e+00
8.064935685224781992e+00,1.360318976355960219e+00
8.126531867328854020e+00,1.356838675781087744e+00
8.188598492074731894e+00,1.353353026106842494e+00
8.251139152481853145e+00,1.349862659745307614e+00
8.314157469011446366e+00,1.346370574370149065e+00
8.377657089776102239e+00,1.342876472302293678e+00
8.441641690750998350e+00,1.339379708199390562e+00
8.506114975986662330e+00,1.335879667132757520e+00
8.571080677823431415e+00,1.332375762680873210e+00
8.636542557107487639e+00,1.328867435167195632e+00
8.702504403408594769e+00,1.325354150029778300e+00
8.768970035239469496e+00,1.321835396311396460e+00
8.835943300276817070e+00,1.318310685259981963e+00
8.903428075584100654e+00,1.314779549030135941e+00
8.971428267835957371e+00,1.311244994514315199e+00
9.039947813544372934e+00,1.307710122409569742e+00
9.108990679286563363e+00,1.304174033229474006e+00
9.178560861934577986e+00,1.300635860398577925e+00
9.248662388886712549e+00,1.297094770973312272e+00
9.319299318300616974e+00,1.293549963562388605e+00
9.390475739328252303e+00,1.290000666394199191e+00
9.462195772352593792e+00,1.286446135519210276e+00
9.534463569226154789e+00,1.282885653136422555e+00
9.607283313511359779e+00,1.279318526033992764e+00
9.680659220722690250e+00,1.275744643167272097e+00
9.754595538570763225e+00,1.272170121145088428e+00
9.829096547208207468e+00,1.268595963778789804e+00
9.904166559477426190e+00,1.265021120582275671e+00
9.979809921160306629e+00,1.261444575770021892e+00
1.005603101122975218e+01,1.257865346092545078e+00
1.013283424210320227e+01,1.254282478813872670e+00
1.021022405989807602e+01,1.250695049819939841e+00
1.028820494468913260e+01,1.247102161847799318e+00
1.036678141076784243e+01,1.243502942826400837e+00
1.044595800690371057e+01,1.239896544320492344e+00
1.052573931660757545e+01,1.236284936042682414e+00
1.060612995839700545e+01,1.232674856735457514e+00
1.068713458606361932e+01,1.229065589660130131e+00
1.076875788894250618e+01,1.225455994603363408e+00
1.085100459218369906e+01,1.221844962238870291e+00
1.093387945702567343e+01,1.218231412154910265e+00
1.101738728107102894e+01,1.214614290997569457e+00
1.110153289856419079e+01,1.210992570721229677e+00
1.118632118067126591e+01,1.207365246938322256e+00
1.127175703576204135e+01,1.203731337361106268e+00
1.135784540969409484e+01,1.200089923203644604e+00
1.144459128609916654e+01,1.196446967983728404e+00
1.153199968667161635e+01,1.192806337948631112e+00
1.162007567145914777e+01,1.189166820476035724e+00
1.170882433915573095e+01,1.185527230499259232e+00
1.179825082739672837e+01,1.181886408671990907e+00
1.188836031305638130e+01,1.178243219628212657e+00
1.197915801254744395e+01,1.174596550330440747e+00
1.207064918212317473e+01,1.170945308499909299e+00
1.216283911818163332e+01,1.167288421122812503e+00
1.225573315757224080e+01,1.163624833027140149e+00
1.234933667790479284e+01,1.159954812212836250e+00
1.244365509786073076e+01,1.156286691244432729e+00
1.253869387750682840e+01,1.152621115748801772e+00
1.263445851861129476e+01,1.148956869019708060e+00
1.273095456496221800e+01,1.145292755983532862e+00
1.282818760268856373e+01,1.141627601623214083e+00
1.292616326058350928e+01,1.137960249470094887e+00
1.302488721043030928e+01,1.134289560158759702e+00
1.312436516733063741e+01,1.130614410040282625e+00
1.322460289003538314e+01,1.126933689849600517e+00
1.332560618127810592e+01,1.123246303422986925e+00
1.342738088811089803e+01,1.119555538652854176e+00
1.352993290224288536e+01,1.115868491078997771e+00
1.363326816038130751e+01,1.112184145046241968e+00
1.373739264457513443e+01,1.108501306917433427e+00
1.384231238256145602e+01,1.104818798849915851e+00
1.394803344811436396e+01,1.101135457454411215e+00
1.405456196139657621e+01,1.097450132498684283e+00
1.416190408931375266e+01,1.093761685652524518e+00
1.427006604587142391e+01,1.090068989270772226e+00
1.437905409253481892e+01,1.086370925211282534e+00
1.448887453859127206e+01,1.082666630444316880e+00
1.459953374151548822e+01,1.078963379035855707e+00
1.471103810733758444e+01,1.075264123277440698e+00
1.482339409101387240e+01,1.071567701947373941e+00
1.493660819680063057e+01,1.067872965390828321e+00
1.505068697863056570e+01,1.064178774353075507e+00
1.516563704049224270e+01,1.060483998841476483e+00
1.528146503681239388e+01,1.056787517013658251e+00
1.539817767284108285e+01,1.053088214089413333e+00
1.551578170503996468e+01,1.049384981283946638e+00
1.563428394147335432e+01,1.045676714760192416e+00
1.575369124220235406e+01,1.041964312648120172e+00
1.587401051968200072e+01,1.038255923609240572e+00
1.599524873916136158e+01,1.034551605096547311e+00
1.611741291908684204e+01,1.030850260867699486e+00
1.624051013150842238e+01,1.027150801318262863e+00
1.636454750248907786e+01,1.023452142501067419e+00
1.648953221251730028e+01,1.019753205159308340e+00
1.661547149692274061e+01,1.016052913771545052e+00
1.674237264629512367e+01,1.012350195606771974e+00
1.687024300690626433e+01,1.008643979787792633e+00
1.699908998113533087e+01,1.004933196361149417e+00
1.712892102789740889e+01,1.001221998371415456e+00
1.725974366307520569e+01,9.975159635642263378e-01
1.739156545995425418e+01,9.938140913767640194e-01
1.752439404966126091e+01,9.901153619882304691e-01
1.765823712160589309e+01,9.864187580751140327e-01
1.779310242392591590e+01,9.827232639840867146e-01
1.792899776393567279e+01,9.790278649077123196e-01
1.806593100857815770e+01,9.753315460615573640e-01
1.820391008488034856e+01,9.716332918613005409e-01
1.834294298041212201e+01,9.679320850984380886e-01
1.848303774374868169e+01,9.642274380136945933e-01
1.862420248493639008e+01,9.605262999818835468e-01
1.876644537596239459e+01,9.568303870016718893e-01
1.890977465122760393e+01,9.531387641173432179e-01
1.905419860802341248e+01,9.494504962428594874e-01
1.919972560701203790e+01,9.457646474649018531e-01
1.934636407271043623e+01,9.420802803423063976e-01
1.949412249397812147e+01,9.383964552007669768e-01
1.964300942450850229e+01,9.347122294216879679e-01
1.979303348332406998e+01,9.310266567240166324e-01
1.994420335527536992e+01,9.273387864378908052e-01
2.009652779154368218e+01,9.236500442212800532e-01
2.025001561014776286e+01,9.199669226833585567e-01
2.040467569645421619e+01,9.162891081716100228e-01
2.056051700369191337e+01,9.126157588823318179e-01
2.071754855347021618e+01,9.089460302423384430e-01
2.087577943630134314e+01,9.052790743222151049e-01
2.103521881212655842e+01,9.016140392409970339e-01
2.119587591084643918e+01,8.979500685613326372e-01
2.135776003285521796e+01,8.942863006741680332e-01
2.152088054957909335e+01,8.906218681719592078e-01
2.168524690401888222e+01,8.869559091863464806e-01
2.185086861129655844e+01,8.832926865645106540e-01
2.201775525920613319e+01,8.796356467788302158e-01
2.218591650876868471e+01,8.759840482632460512e-01
2.235536209479156255e+01,8.723371452897230593e-01
2.252610182643205761e+01,8.686941874838863820e-01
2.269814558776516122e+01,8.650544193301158424e-01
2.287150333835578309e+01,8.614170796653114470e-01
2.304618511383531754e+01,8.577814011605175981e-01
2.322220102648251938e+01,8.541466097895541454e-01
2.339956126580904083e+01,8.505119242837632099e-01
2.357827609914919975e+01,8.468772969617084367e-01
2.375835587225438061e+01,8.432481958091037066e-01
2.393981100989197230e+01,8.396253707940761757e-01
2.412265201644876100e+01,8.360081789403824848e-01
2.430688947653915477e+01,8.323959718399850383e-01
2.449253405561785257e+01,8.287880952481027075e-01
2.467959650059727039e+01,8.251838886665548989e-01
2.486808764046970310e+01,8.215826849147070954e-01
2.505801838693412265e+01,8.179838096873004449e-01
2.524939973502798551e+01,8.143865810983909048e-01
2.544224276376365879e+01,8.107903092106117926e-01
2.563655863676978086e+01,8.071965946966482841e-01
2.583235860293754982e+01,8.036096925187816709e-01
2.602965399707183636e+01,8.000292201278459414e-01
2.622845624054748370e+01,7.964546323628787228e-01
2.642877684197039301e+01,7.928853779731072082e-01
2.663062739784378152e+01,7.893208992813225411e-01
2.683401959323952468e+01,7.857606318356210595e-01
2.703896520247450042e+01,7.822040040489068868e-01
2.724547608979234781e+01,7.786504368255106057e-01
2.745356421005019243e+01,7.750993431742494444e-01
2.766324160941073274e+01,7.715502106384383163e-01
2.787452042603960933e+01,7.680064405144624295e-01
2.808741289080797543e+01,7.644697575681353996e-01
2.830193132800070899e+01,7.609397185415390785e-01
2.851808815602973723e+01,7.574158742140451039e-01
2.873589588815298157e+01,7.538977691362415134e-01
2.895536713319875943e+01,7.503849413536626267e-01
2.917651459629559696e+01,7.468769221198179320e-01
2.939935107960790006e+01,7.433732355979923989e-01
2.962388948307694747e+01,7.398733985512593314e-01
2.985014280516769958e+01,7.363769200201172316e-01
3.007812414362129871e+01,7.328840417952575681e-01
3.030784669621318628e+01,7.293982160381092816e-01
3.053932376151727723e+01,7.259196566719862131e-01
3.077256873967571593e+01,7.224480133403120563e-01
3.100759513317461824e+01,7.189829299592173095e-01
3.124441654762576448e+01,7.155240445046344711e-01
3.148304669255409749e+01,7.120709887905980473e-01
3.172349938219155163e+01,7.086233882383253802e-01
3.196578853627663719e+01,7.051808616356421977e-01
3.220992818086025977e+01,7.017430208862770469e-01
3.245593244911775344e+01,6.983094707485322239e-01
3.270381558216686813e+01,6.948815211325352070e-01
3.295359192989242558e+01,6.914613118804084912e-01
3.320527595177686919e+01,6.880486053767290722e-01
3.345888221773736859e+01,6.846431402299091307e-01
3.371442540896929074e+01,6.812446499013321555e-01
3.397192031879595930e+01,6.778528625409344643e-01
3.423138185352524943e+01,6.744675008157032803e-01
3.449282503331234295e+01,6.710882817307648462e-01
3.475626499302931904e+01,6.677149164427025330e-01
3.502171698314131021e+01,6.643471100647315719e-01
3.528919637058920955e+01,6.609846811363969676e-01
3.555871863967949764e+01,6.576295681882812216e-01
3.583029939298043587e+01,6.542824180874278195e-01
3.610395435222537230e+01,6.509430580746270456e-01
3.637969935922289721e+01,6.476113112009923567e-01
3.665755037677374872e+01,6.442869962133455086e-01
3.693752348959515075e+01,6.409699274346067899e-01
3.721963490525176610e+01,6.376599146389623218e-01
3.750390095509403210e+01,6.343567629215567383e-01
3.779033809520357323e+01,6.310602725624446796e-01
3.807896290734570499e+01,6.277702388845324277e-01
3.836979209992959028e+01,6.244869154596505156e-01
3.866284250897529517e+01,6.212117617860294372e-01
3.895813109908849725e+01,6.179448228756500017e-01
3.925567496444258353e+01,6.146860044111718269e-01
3.955549132976806703e+01,6.114352088762998738e-01
3.985759755134996141e+01,6.081923354810740978e-01
4.016201111803237467e+01,6.049572800839497777e-01
4.046874965223097576e+01,6.017299351105025451e-01
4.077783091095319890e+01,5.985101894686034596e-01
4.108927278682600104e+01,5.952979284598902687e-01
4.140309330913193264e+01,5.920930338756780209e-01
4.171931064485268337e+01,5.888960724216112386e-01
4.203794309972082033e+01,5.857076360732281772e-01
4.235900911927936363e+01,5.825277054691073708e-01
4.268252728994983869e+01,5.793562592003762557e-01
4.300851634010805924e+01,5.761932737745455446e-01
4.333699514116835161e+01,5.730387235778933164e-01
4.366798270867608522e+01,5.698925808363244361e-01
4.400149820340824647e+01,5.667548155746280347e-01
4.433756093248298669e+01,5.636253955740506694e-01
4.467619035047707143e+01,5.605042863281021193e-01
4.501740606055216176e+01,5.573914866170339710e-01
4.536122781558970019e+01,5.542873348705665837e-01
4.570767551933419526e+01,5.511919618548355437e-01
4.605676922754570768e+01,5.481054141769349242e-01
4.640852914916073502e+01,5.450277375462125873e-01
4.676297564746209190e+01,5.419589767709928063e-01
4.712012924125782831e+01,5.388991757553281969e-01
4.748001060606883073e+01,5.358483774957747414e-01
4.784264057532604397e+01,5.328066240781810237e-01
4.820804014157627648e+01,5.297739566744901207e-01
4.857623045769755521e+01,5.267504155395433818e-01
4.894723283812366077e+01,5.237359567708491648e-01
4.932106876007784990e+01,5.207304563022308042e-01
4.969775986481643315e+01,5.177340113855060100e-01
5.007732795888141197e+01,5.147467286013925891e-01
5.045979501536288581e+01,5.117687148040374057e-01
5.084518317517112962e+01,5.088000771480514217e-01
5.123351474831809327e+01,5.058409231168841114e-01
5.162481221520928187e+01,5.028913605525884289e-01
5.201909822794487326e+01,4.999514976870357286e-01
5.241639561163114536e+01,4.970214431746384776e-01
5.281672736570182281e+01,4.941012977125036620e-01
5.322011666524934270e+01,4.911905655700871676e-01
5.362658686236672878e+01,4.882890179632539684e-01
5.403616148749925685e+01,4.853968140074520488e-01
5.444886425080666470e+01,4.825141141922971166e-01
5.486471904353577145e+01,4.796410804339332756e-01
5.528374993940334292e+01,4.767778761297548074e-01
5.570598119599002018e+01,4.739246662155913170e-01
5.613143725614435908e+01,4.710816172254632672e-01
5.656014274939791164e+01,4.682488973540143706e-01
5.699212249339103664e+01,4.654266765217373036e-01
5.742740149530936833e+01,4.626149222411150008e-01
5.786600495333183858e+01,4.598125944483540950e-01
5.830795825808915112e+01,4.570196916689628908e-01
5.875328699413368128e+01,4.542364197792980729e-01
5.920201694142063786e+01,4.514629871095840463e-01
5.965417407680022421e+01,4.486996045203834882e-01
6.010978457552174348e+01,4.459464854823260715e-01
6.056887481274871021e+01,4.432038461592467948e-01
6.103147136508569304e+01,4.404719054948701418e-01
6.149760101211693097e+01,4.377508853032017200e-01
6.196729073795632559e+01,4.350410103627827541e-01
6.244056773280993156e+01,4.323416762121510826e-01
6.291745939454973779e+01,4.296517756542748701e-01
6.339799333029976225e+01,4.269715337513664832e-01
6.388219735803432542e+01,4.243011972063935322e-01
6.437009950818814730e+01,4.216410161856278260e-01
6.486172802527937620e+01,4.189912444166909999e-01
6.535711136954446943e+01,4.163521392905969454e-01
6.585627821858575714e+01,4.137239619679623504e-01
6.635925746903163258e+01,4.111069774895652063e-01
6.686607823820919805e+01,4.085014548914379096e-01
6.737676986583011285e+01,4.059075887328130183e-01
6.789136191568894674e+01,4.033238175923883895e-01
6.840988417737457894e+01,4.007496430684367450e-01
6.893236666799481327e+01,3.981853426304233778e-01
6.945883963391378302e+01,3.956311980210120982e-01
6.998933355250335353e+01,3.930874953687764073e-01
7.052387913390708718e+01,3.905545253053048782e-01
7.106250732281822025e+01,3.880325830868806003e-01
7.160524930027101220e+01,3.855219687209334722e-01
7.215213648544558112e+01,3.830229870974699025e-01
7.270320053748720568e+01,3.805359481256896381e-01
7.325847335733867283e+01,3.780605824298715611e-01
7.381798708958721988e+01,3.755949035145643711e-01
7.438177412432533231e+01,3.731389794685329719e-01
7.494986709902556754e+01,3.706931164111857968e-01
7.552229890043038552e+01,3.682576255442300828e-01
7.609910266645557897e+01,3.658328232805538316e-01
7.668031178810878146e+01,3.634190313779244175e-01
7.726595991142248465e+01,3.610165770777106209e-01
7.785608093940150809e+01,3.586257932488414180e-01
7.845070903398607243e+01,3.562470185372176856e-01
7.904987861802918303e+01,3.538805975208162424e-01
7.965362437728934708e+01,3.515251986362989967e-01
8.026198126243869524e+01,3.491793572663066114e-01
8.087498449108583998e+01,3.468433968323564320e-01
8.149266954981519007e+01,3.445176468851389173e-01
8.211507219624088805e+01,3.422024427662946899e-01
8.274222846107689122e+01,3.398981257512103116e-01
8.337417465022291196e+01,3.376050431969535581e-01
8.401094734686571996e+01,3.353235486955652989e-01
8.465258341359752592e+01,3.330540022329227523e-01
8.529911999454961347e+01,3.307967703534186454e-01
8.595059451754268309e+01,3.285519900552415495e-01
8.660704469625328272e+01,3.263172813595145438e-01
8.726850853239754713e+01,3.240921982127464296e-01
8.793502431793068297e+01,3.218770824418512588e-01
8.860663063726387634e+01,3.196722821221999467e-01
8.928336636949796912e+01,3.174781517270412468e-01
8.996527069067377624e+01,3.152950522820809898e-01
9.065238307604053603e+01,3.131233515254287503e-01
9.134474330234081663e+01,3.109634240731343757e-01
9.204239145011317191e+01,3.088156515905426391e-01
9.274536790601254665e+01,3.066804229697049911e-01
9.345371336514787686e+01,3.045570807417336545e-01
9.416746883343843422e+01,3.024431939806493941e-01
9.488667562998733729e+01,3.003389605866255141e-01
9.561137538947356518e+01,2.982447358568917628e-01
9.634161006456221799e+01,2.961608818347118977e-01
9.707742192833288186e+01,2.940877674684437837e-01
9.781885357672726400e+01,2.920257687759071352e-01
9.856594793101476171e+01,2.899752690142760603e-01
9.931874824027717352e+01,2.879366588557142892e-01
1.000772980839125808e+02,2.859103365689870113e-01
1.008416413741576605e+02,2.838966890398481602e-01
1.016118223586303912e+02,2.818936667388577955e-01
1.023878856228911047e+02,2.798999233564686273e-01
1.031698760930236745e+02,2.779158165870444508e-01
1.039578390382363864e+02,2.759417111133597444e-01
1.047518200734820510e+02,2.739779787683196410e-01
1.055518651620993609e+02,2.720249987018753535e-01
1.063580206184732617e+02,2.700831575533433337e-01
1.071703331107161574e+02,2.681528496293387742e-01
1.079888496633696207e+02,2.662344770875437749e-01
1.088136176601262122e+02,2.643284501265450448e-01
1.096446848465731563e+02,2.624347177548735366e-01
1.104820993329559258e+02,2.605504494393874326e-01
1.113259095969633421e+02,2.586753914449701486e-01
1.121761644865341339e+02,2.568099068475112046e-01
1.130329132226842432e+02,2.549543660217452046e-01
1.138962054023569266e+02,2.531091468091416496e-01
1.147660910012933755e+02,2.512746346910418871e-01
1.156426203769260326e+02,2.494512229672400938e-01
1.165258442712937637e+02,2.476393129402221505e-01
1.174158138139789145e+02,2.458393141052787334e-01
1.183125805250678866e+02,2.440516443467224683e-01
1.192161963181330719e+02,2.422751864190807181e-01
1.201267135032383351e+02,2.405075269000927496e-01
1.210441847899673036e+02,2.387489658502863488e-01
1.219686632904741970e+02,2.369998685109066805e-01
1.229002025225592547e+02,2.352606076534805024e-01
1.238388564127663329e+02,2.335315637524200960e-01
1.247846792995049015e+02,2.318131251628802181e-01
1.257377259361956732e+02,2.301056883040649981e-01
1.266980514944398806e+02,2.284096578481930317e-01
1.276657115672138474e+02,2.267254469153330843e-01
1.286407621720867382e+02,2.250533814307895952e-01
1.296232597544635325e+02,2.233909305808282619e-01
1.306132611908528247e+02,2.217370673181699448e-01
1.316108237921587545e+02,2.200921487028589807e-01
1.326160053069995683e+02,2.184565393141550127e-01
1.336288639250501831e+02,2.168306114214712532e-01
1.346494582804108120e+02,2.152147451603572403e-01
1.356778474550014835e+02,2.136093287137104668e-01
1.367140909819817125e+02,2.120147584984122535e-01
1.377582488491976562e+02,2.104314393575845432e-01
1.388103815026542804e+02,2.088597847586818046e-01
1.398705498500146689e+02,2.072994742564906734e-01
1.409388152641260774e+02,2.057476049797147544e-01
1.420152395865723065e+02,2.042041334131816654e-01
1.430998851312544673e+02,2.026694134120475832e-01
1.441928146879977533e+02,2.011438064443365203e-01
1.452940915261864916e+02,1.996276817640879053e-01
1.464037793984269342e+02,1.981214165895035240e-01
1.475219425442372767e+02,1.966253962862742621e-01
1.486486456937673779e+02,1.951400145562704469e-01
1.497839540715453381e+02,1.936656736317938499e-01
1.509279334002535222e+02,1.922027844755913595e-01
1.520806499045333169e+02,1.907497792327450259e-01
1.532421703148183383e+02,1.893046128062644273e-01
1.544125618711982213e+02,1.878676208212186893e-01
1.555918923273106884e+02,1.864391518947672854e-01
1.567802299542637741e+02,1.850195622950536189e-01
1.579776435445883180e+02,1.836092161154811442e-01
1.591842024162196196e+02,1.822084854539210985e-01
1.603999764165112083e+02,1.808177505970217092e-01
1.616250359262776612e+02,1.794374002098014786e-01
1.628594518638690829e+02,1.780678315307119286e-01
1.641032956892767345e+02,1.767092284931816581e-01
1.653566394082691318e+02,1.753588763315530596e-01
1.666195555765614813e+02,1.740161120453714572e-01
1.678921173040151587e+02,1.726812698406338387e-01
1.691743982588703261e+02,1.713546913940849070e-01
1.704664726720105818e+02,1.700367260229600497e-01
1.717684153412595833e+02,1.687277308594084813e-01
1.730803016357120612e+02,1.674280710297547103e-01
1.744022075000962673e+02,1.661381198387666402e-01
1.757342094591706996e+02,1.648582589590987246e-01
1.770763846221533697e+02,1.635888786260921157e-01
1.784288106871867399e+02,1.623293639685904066e-01
1.797915659458350035e+02,1.610770506801444957e-01
1.811647292876163533e+02,1.598320569829491389e-01
1.825483802045702362e+02,1.585947087983380077e-01
1.839425987958583448e+02,1.573653394664132343e-01
1.853474657724025008e+02,1.561442899151466723e-01
1.867630624615565011e+02,1.549319088340592177e-01
1.881894708118141182e+02,1.537285528526281253e-01
1.896267733975533361e+02,1.525345867235787523e-01
1.910750534238157741e+02,1.513503835112261497e-01
1.925343947311246211e+02,1.501763168345579547e-01
1.940048818003372446e+02,1.490104644140934909e-01
1.954865997575361121e+02,1.478513355131578222e-01
1.969796343789568027e+02,1.466992395082990508e-01
1.984840720959527403e+02,1.455544929438996882e-01
2.000000000000000284e+02,1.444174196955293477e-01
