3.28256e-07, 0.000627987
3.28267e-07, 0.00024121
3.28278e-07, 0.000347696
3.2829e-07, 8.5317e-05
3.28301e-07, 0.000259251
3.28312e-07, 0.000213143
3.28324e-07, 0.000370064
3.28335e-07, -1.82975e-05
3.28346e-07, 4.6408e-05
3.28357e-07, -7.11332e-05
3.28369e-07, 0.000348381
3.2838e-07, 0.000317229
3.28391e-07, -0.000228741
3.28403e-07, 1.45695e-06
3.28414e-07, 2.67821e-05
3.28425e-07, 0.000520944
3.28437e-07, -0.000118613
3.28448e-07, 0.000186103
3.28459e-07, 0.000217599
3.28471e-07, -4.70508e-05
3.28482e-07, 0.000208815
3.28493e-07, -0.000158893
3.28504e-07, -0.00017989
3.28516e-07, -0.000138581
3.28527e-07, 0.000146166
3.28538e-07, 0.00013931
3.2855e-07, 0.000199344
3.28561e-07, 0.000205729
3.28572e-07, 4.58509e-05
3.28584e-07, 0.000205387
3.28595e-07, 0.000177662
3.28606e-07, -0.000203972
3.28618e-07, 0.000540913
3.28629e-07, 0.000575494
3.2864e-07, 0.000119684
3.28651e-07, 0.000253209
3.28663e-07, 0.000130182
3.28674e-07, -0.000578065
3.28685e-07, 0.000285733
3.28697e-07, -0.000246995
3.28708e-07, 0.000175262
3.28719e-07, -0.000322885
3.28731e-07, 0.000462623
3.28742e-07, 0.000333898
3.28753e-07, -9.2816e-05
3.28764e-07, 0.000390504
3.28776e-07, 0.000799178
3.28787e-07, 0.000357637
3.28798e-07, 0.000120712
3.2881e-07, -2.33111e-05
3.28821e-07, -5.68637e-05
3.28832e-07, 0.0012834
3.28844e-07, 0.000676837
3.28855e-07, 0.000107471
3.28866e-07, 0.00026645
3.28878e-07, 0.000783537
3.28889e-07, 7.94036e-05
3.289e-07, 0.000560881
3.28911e-07, 0.000219313
3.28923e-07, 0.00164596
3.28934e-07, 1.09271e-05
3.28945e-07, 0.000206415
3.28957e-07, 0.000186103
3.28968e-07, 0.0014596
3.28979e-07, 0.000175948
3.28991e-07, 7.59754e-05
3.29002e-07, 0.000373492
3.29013e-07, 0.000463309
3.29025e-07, 0.000372121
3.29036e-07, -6.83908e-05
3.29047e-07, 8.44172e-05
3.29058e-07, 0.00126
3.2907e-07, 7.3233e-05
3.29081e-07, 0.000283676
3.29092e-07, -0.000173848
3.29104e-07, 0.000770982
3.29115e-07, -7.11332e-05
3.29126e-07, 0.000272835
3.29138e-07, 8.33887e-05
3.29149e-07, 0.00115626
3.2916e-07, 5.1893e-05
3.29171e-07, 0.000306044
3.29183e-07, -0.00058115
3.29194e-07, 0.00207495
3.29205e-07, -9.2816e-05
3.29217e-07, 7.01477e-05
3.29228e-07, 0.000261308
3.29239e-07, 0.00103289
3.29251e-07, 0.000449382
3.29262e-07, 0.000180961
3.29273e-07, 0.00032567
3.29285e-07, 0.00107488
3.29296e-07, -0.000195188
3.29307e-07, -0.000206715
3.29318e-07, -0.000171448
3.2933e-07, 0.00206548
3.29341e-07, 0.000257879
3.29352e-07, 0.000695435
3.29364e-07, 0.00029246
3.29375e-07, 0.001997
3.29386e-07, 0.000477107
3.29398e-07, 0.00036128
3.29409e-07, 0.000335483
3.2942e-07, 0.00205395
3.29432e-07, 6.84336e-05
3.29443e-07, -3.22242e-05
3.29454e-07, 0.000635057
3.29465e-07, 0.00033514
3.29477e-07, 0.000358537
3.29488e-07, 0.000167035
3.29499e-07, -0.000151822
3.29511e-07, 0.000256508
3.29522e-07, 0.000423586
3.29533e-07, 0.000122983
3.29545e-07, 0.000560196
3.29556e-07, 0.00131854
3.29567e-07, 0.000648641
3.29578e-07, 0.000513745
3.2959e-07, 0.000626272
3.29601e-07, 0.00278114
3.29612e-07, 0.000488634
3.29624e-07, 0.000501532
3.29635e-07, 0.00103357
3.29646e-07, 0.00186451
3.29658e-07, 0.0015978
3.29669e-07, 0.000913291
3.2968e-07, 0.00116436
3.29692e-07, 0.00183335
3.29703e-07, 0.000798364
3.29714e-07, 0.00110102
3.29725e-07, 0.000421529
3.29737e-07, 0.0030943
3.29748e-07, 0.000787522
3.29759e-07, 0.000543527
3.29771e-07, 0.000811605
3.29782e-07, 0.00203021
3.29793e-07, 0.000454739
3.29805e-07, 0.000943415
3.29816e-07, 0.00079095
3.29827e-07, 0.00242599
3.29839e-07, 0.000556425
3.2985e-07, 0.000921733
3.29861e-07, 0.00048932
3.29872e-07, 0.00236835
3.29884e-07, 0.00109897
3.29895e-07, 0.000766868
3.29906e-07, 0.000644527
3.29918e-07, 0.00132025
3.29929e-07, 0.000977654
3.2994e-07, 0.00107557
3.29952e-07, 0.00183027
3.29963e-07, 0.000720417
3.29974e-07, 0.00141851
3.29985e-07, 0.000752598
3.29997e-07, 0.00157852
3.30008e-07, 0.00280316
3.30019e-07, 0.000795278
3.30031e-07, 0.000478135
3.30042e-07, 0.00147443
3.30053e-07, 0.00204881
3.30065e-07, 0.00165166
3.30076e-07, 0.000798364
3.30087e-07, 0.00159814
3.30099e-07, 0.00151711
3.3011e-07, 0.00139923
3.30121e-07, 0.00108538
3.30132e-07, 0.000589977
3.30144e-07, 0.00250325
3.30155e-07, 0.000587921
3.30166e-07, 0.00069942
3.30178e-07, 0.00135312
3.30189e-07, 0.00264967
3.302e-07, 0.000885095
3.30212e-07, 0.00130769
3.30223e-07, 0.00117314
3.30234e-07, 0.00309053
3.30246e-07, 0.000406231
3.30257e-07, 0.00117794
3.30268e-07, 0.00106336
3.30279e-07, 0.00202006
3.30291e-07, 0.00181531
3.30302e-07, 0.00123283
3.30313e-07, 0.00197395
3.30325e-07, 0.00271472
3.30336e-07, 0.00121514
3.30347e-07, 0.00117417
3.30359e-07, 0.00171671
3.3037e-07, 0.00435421
3.30381e-07, 0.00149577
3.30392e-07, 0.00205052
3.30404e-07, 0.00175129
3.30415e-07, 0.00295597
3.30426e-07, 0.0011518
3.30438e-07, 0.00162758
3.30449e-07, 0.00152019
3.3046e-07, 0.00247882
3.30472e-07, 0.00207392
3.30483e-07, 0.00160555
3.30494e-07, 0.00152122
3.30506e-07, 0.00212504
3.30517e-07, 0.00176282
3.30528e-07, 0.00179774
3.30539e-07, 0.00126296
3.30551e-07, 0.00302753
3.30562e-07, 0.000947743
3.30573e-07, 0.00228608
3.30585e-07, 0.00150387
3.30596e-07, 0.0020956
3.30607e-07, 0.00155842
3.30619e-07, 0.00167335
3.3063e-07, 0.00302171
3.30641e-07, 0.00407598
3.30653e-07, 0.00265845
3.30664e-07, 0.00270456
3.30675e-07, 0.00241652
3.30686e-07, 0.00222501
3.30698e-07, 0.00253749
3.30709e-07, 0.00252322
3.3072e-07, 0.00252424
3.30732e-07, 0.00519016
3.30743e-07, 0.00329047
3.30754e-07, 0.00251306
3.30766e-07, 0.00242976
3.30777e-07, 0.00266484
3.30788e-07, 0.00285133
3.30799e-07, 0.00290108
3.30811e-07, 0.00290245
3.30822e-07, 0.00484927
3.30833e-07, 0.00266827
3.30845e-07, 0.00240156
3.30856e-07, 0.00309965
3.30867e-07, 0.00486423
3.30879e-07, 0.00395124
3.3089e-07, 0.00259135
3.30901e-07, 0.0049618
3.30913e-07, 0.00544135
3.30924e-07, 0.00398273
3.30935e-07, 0.00465104
3.30946e-07, 0.00513458
3.30958e-07, 0.00723331
3.30969e-07, 0.00555786
3.3098e-07, 0.00553549
3.30992e-07, 0.00614377
3.31003e-07, 0.00588825
3.31014e-07, 0.00661316
3.31026e-07, 0.00549213
3.31037e-07, 0.00553892
3.31048e-07, 0.00663883
3.3106e-07, 0.00551655
3.31071e-07, 0.00525863
3.31082e-07, 0.00488694
3.31093e-07, 0.00655141
3.31105e-07, 0.00416717
3.31116e-07, 0.00487096
3.31127e-07, 0.00397841
3.31139e-07, 0.0036859
3.3115e-07, 0.0021142
3.31161e-07, 0.00192921
3.31173e-07, 0.00212127
3.31184e-07, 0.0030604
3.31195e-07, 0.00115956
3.31206e-07, 0.00172048
3.31218e-07, 0.000950486
3.31229e-07, 0.00364494
3.3124e-07, 0.00177469
3.31252e-07, 0.00157714
3.31263e-07, 0.00107591
3.31274e-07, 0.00204174
3.31286e-07, 0.000576051
3.31297e-07, 0.00164185
3.31308e-07, 0.000887152
3.3132e-07, 0.00260356
3.31331e-07, 0.00120978
3.31342e-07, 0.000959956
3.31353e-07, 0.00132231
3.31365e-07, 0.000996937
3.31376e-07, 0.000877339
3.31387e-07, 0.00155135
3.31399e-07, 0.00109794
3.3141e-07, 0.00138324
3.31421e-07, 0.00145343
3.31433e-07, 0.000874253
3.31444e-07, 0.000543869
3.31455e-07, 0.000564524
3.31467e-07, 0.00104133
3.31478e-07, 0.00127517
3.31489e-07, 0.00118433
3.315e-07, 0.000976282
3.31512e-07, 0.000573308
3.31523e-07, 0.000744499
3.31534e-07, 0.00101656
3.31546e-07, 0.00163101
3.31557e-07, 0.00137034
3.31568e-07, 0.00113355
3.3158e-07, 0.00124128
3.31591e-07, 0.000309687
3.31602e-07, 0.0006306
3.31613e-07, 0.000664153
3.31625e-07, 0.000842758
3.31636e-07, 0.00154929
3.31647e-07, 0.00128327
3.31659e-07, 0.00193422
3.3167e-07, 0.00120944
3.31681e-07, 0.00207221
3.31693e-07, 0.00175129
3.31704e-07, 0.00150524
3.31715e-07, 0.00190821
3.31727e-07, 0.00295529
3.31738e-07, 0.0016625
3.31749e-07, 0.000816618
3.3176e-07, 0.00177675
3.31772e-07, 0.0023138
3.31783e-07, 0.00121822
3.31794e-07, 0.00116093
3.31806e-07, 0.00141954
3.31817e-07, 0.00152795
3.31828e-07, 0.00215187
3.3184e-07, 0.00103927
3.31851e-07, 0.00196002
3.31862e-07, 0.00271403
3.31874e-07, 0.000837273
3.31885e-07, 0.00118741
3.31896e-07, 0.00138393
3.31907e-07, 0.0039323
3.31919e-07, 0.00196173
3.3193e-07, 0.00160761
3.31941e-07, 0.00153845
3.31953e-07, 0.0023138
3.31964e-07, 0.00169229
3.31975e-07, 0.00252493
3.31987e-07, 0.00177195
3.31998e-07, 0.00316607
3.32009e-07, 0.00202678
3.3202e-07, 0.00292345
3.32032e-07, 0.00259101
3.32043e-07, 0.00270388
3.32054e-07, 0.00223757
3.32066e-07, 0.00253817
3.32077e-07, 0.00172584
3.32088e-07, 0.00255814
3.321e-07, 0.00273366
3.32111e-07, 0.00211831
3.32122e-07, 0.00343209
3.32134e-07, 0.00170553
3.32145e-07, 0.00243477
3.32156e-07, 0.00163876
3.32167e-07, 0.0022928
3.32179e-07, 0.00142798
3.3219e-07, 0.00246022
3.32201e-07, 0.00244973
3.32213e-07, 0.00269166
3.32224e-07, 0.00273332
3.32235e-07, 0.00265777
3.32247e-07, 0.00280179
3.32258e-07, 0.00285943
3.32269e-07, 0.00315317
3.32281e-07, 0.00359039
3.32292e-07, 0.0031356
3.32303e-07, 0.00283603
3.32314e-07, 0.00305594
3.32326e-07, 0.0029465
3.32337e-07, 0.00389909
3.32348e-07, 0.00274347
3.3236e-07, 0.00294719
3.32371e-07, 0.00367403
3.32382e-07, 0.00306884
3.32394e-07, 0.00380859
3.32405e-07, 0.00381133
3.32416e-07, 0.00357612
3.32427e-07, 0.00300208
3.32439e-07, 0.00301258
3.3245e-07, 0.00359883
3.32461e-07, 0.0040956
3.32473e-07, 0.00372014
3.32484e-07, 0.00343106
3.32495e-07, 0.00364322
3.32507e-07, 0.00416065
3.32518e-07, 0.00297697
3.32529e-07, 0.0036649
3.32541e-07, 0.00396208
3.32552e-07, 0.00415461
3.32563e-07, 0.00409458
3.32574e-07, 0.00457618
3.32586e-07, 0.00482828
3.32597e-07, 0.00365818
3.32608e-07, 0.00385504
3.3262e-07, 0.00436505
3.32631e-07, 0.0041505
3.32642e-07, 0.00442633
3.32654e-07, 0.00496784
3.32665e-07, 0.00476083
3.32676e-07, 0.00572391
3.32688e-07, 0.00479267
3.32699e-07, 0.00611227
3.3271e-07, 0.00490348
3.32721e-07, 0.00647895
3.32733e-07, 0.00417321
3.32744e-07, 0.00455141
3.32755e-07, 0.0049723
3.32767e-07, 0.00616682
3.32778e-07, 0.00473263
3.32789e-07, 0.00639964
3.32801e-07, 0.00555752
3.32812e-07, 0.00623324
3.32823e-07, 0.0064559
3.32834e-07, 0.00614411
3.32846e-07, 0.00587672
3.32857e-07, 0.00663382
3.32868e-07, 0.00599062
3.3288e-07, 0.00721163
3.32891e-07, 0.00678868
3.32902e-07, 0.00602074
3.32914e-07, 0.00507227
3.32925e-07, 0.00586794
3.32936e-07, 0.00709841
3.32948e-07, 0.00675239
3.32959e-07, 0.0061214
3.3297e-07, 0.00632272
3.32981e-07, 0.00675513
3.32993e-07, 0.0073739
3.33004e-07, 0.0082716
3.33015e-07, 0.00685236
3.33027e-07, 0.00685407
3.33038e-07, 0.00650029
3.33049e-07, 0.00693339
3.33061e-07, 0.00783953
3.33072e-07, 0.00753117
3.33083e-07, 0.00722817
3.33095e-07, 0.00745926
3.33106e-07, 0.00756541
3.33117e-07, 0.00751724
3.33128e-07, 0.00760466
3.3314e-07, 0.00746063
3.33151e-07, 0.00796894
3.33162e-07, 0.00844643
3.33174e-07, 0.0110798
3.33185e-07, 0.00992056
3.33196e-07, 0.00897916
3.33208e-07, 0.00880227
3.33219e-07, 0.0102513
3.3323e-07, 0.0083702
3.33241e-07, 0.00943223
3.33253e-07, 0.0100876
3.33264e-07, 0.0114004
3.33275e-07, 0.0107267
3.33287e-07, 0.0110602
3.33298e-07, 0.0113937
3.33309e-07, 0.0111483
3.33321e-07, 0.00976467
3.33332e-07, 0.00988872
3.33343e-07, 0.0103401
3.33355e-07, 0.0131192
3.33366e-07, 0.0123858
3.33377e-07, 0.0115255
3.33388e-07, 0.0123096
3.334e-07, 0.0129084
3.33411e-07, 0.011986
3.33422e-07, 0.0108152
3.33434e-07, 0.0115664
3.33445e-07, 0.0110585
3.33456e-07, 0.0117244
3.33468e-07, 0.0110812
3.33479e-07, 0.0116661
3.3349e-07, 0.0120649
3.33502e-07, 0.012252
3.33513e-07, 0.0126001
3.33524e-07, 0.0127745
3.33535e-07, 0.0147231
3.33547e-07, 0.0143178
3.33558e-07, 0.0134503
3.33569e-07, 0.0138834
3.33581e-07, 0.0146787
3.33592e-07, 0.0132199
3.33603e-07, 0.0143994
3.33615e-07, 0.0143815
3.33626e-07, 0.0168821
3.33637e-07, 0.0139131
3.33648e-07, 0.0151768
3.3366e-07, 0.0165615
3.33671e-07, 0.0173148
3.33682e-07, 0.0180095
3.33694e-07, 0.0193891
3.33705e-07, 0.0189973
3.33716e-07, 0.0185978
3.33728e-07, 0.0191376
3.33739e-07, 0.0191102
3.3375e-07, 0.0228567
3.33762e-07, 0.0238334
3.33773e-07, 0.0233227
3.33784e-07, 0.0232936
3.33795e-07, 0.0250147
3.33807e-07, 0.0265583
3.33818e-07, 0.0281416
3.33829e-07, 0.0299447
3.33841e-07, 0.0327126
3.33852e-07, 0.0345598
3.33863e-07, 0.0343867
3.33875e-07, 0.0340393
3.33886e-07, 0.0339722
3.33897e-07, 0.0333971
3.33909e-07, 0.0313829
3.3392e-07, 0.0323585
3.33931e-07, 0.0335558
3.33942e-07, 0.0353352
3.33954e-07, 0.031961
3.33965e-07, 0.0320082
3.33976e-07, 0.0290236
3.33988e-07, 0.0293134
3.33999e-07, 0.0290914
3.3401e-07, 0.0293696
3.34022e-07, 0.0287362
3.34033e-07, 0.0271663
3.34044e-07, 0.0261442
3.34055e-07, 0.026092
3.34067e-07, 0.0250164
3.34078e-07, 0.0243465
3.34089e-07, 0.0236199
3.34101e-07, 0.0236359
3.34112e-07, 0.0224291
3.34123e-07, 0.0231706
3.34135e-07, 0.0202881
3.34146e-07, 0.0212085
3.34157e-07, 0.020854
3.34169e-07, 0.0216168
3.3418e-07, 0.0203176
3.34191e-07, 0.0208875
3.34202e-07, 0.0215419
3.34214e-07, 0.0236887
3.34225e-07, 0.024785
3.34236e-07, 0.0245108
3.34248e-07, 0.0233353
3.34259e-07, 0.0244966
3.3427e-07, 0.0232482
3.34282e-07, 0.0227008
3.34293e-07, 0.0256515
3.34304e-07, 0.0272953
3.34316e-07, 0.0258575
3.34327e-07, 0.0246969
3.34338e-07, 0.0247413
3.34349e-07, 0.0266891
3.34361e-07, 0.0267891
3.34372e-07, 0.0261581
3.34383e-07, 0.0275675
3.34395e-07, 0.0303073
3.34406e-07, 0.0287911
3.34417e-07, 0.0295814
3.34429e-07, 0.0294096
3.3444e-07, 0.0321931
3.34451e-07, 0.0307414
3.34462e-07, 0.0323914
3.34474e-07, 0.0316188
3.34485e-07, 0.033529
3.34496e-07, 0.0329448
3.34508e-07, 0.0325256
3.34519e-07, 0.0337082
3.3453e-07, 0.0357781
3.34542e-07, 0.0351925
3.34553e-07, 0.0377605
3.34564e-07, 0.0363542
3.34576e-07, 0.0375077
3.34587e-07, 0.0371946
3.34598e-07, 0.0370316
3.34609e-07, 0.038811
3.34621e-07, 0.0384366
3.34632e-07, 0.0390896
3.34643e-07, 0.0384006
3.34655e-07, 0.0397822
3.34666e-07, 0.0402628
3.34677e-07, 0.0410686
3.34689e-07, 0.0414122
3.347e-07, 0.0419013
3.34711e-07, 0.044025
3.34723e-07, 0.0435248
3.34734e-07, 0.0443916
3.34745e-07, 0.0432605
3.34756e-07, 0.0457183
3.34768e-07, 0.0480318
3.34779e-07, 0.0473988
3.3479e-07, 0.0473439
3.34802e-07, 0.0522603
3.34813e-07, 0.0515094
3.34824e-07, 0.0517314
3.34836e-07, 0.0500464
3.34847e-07, 0.0521153
3.34858e-07, 0.0523403
3.34869e-07, 0.052367
3.34881e-07, 0.055051
3.34892e-07, 0.0563875
3.34903e-07, 0.0582808
3.34915e-07, 0.0562679
3.34926e-07, 0.0555206
3.34937e-07, 0.0570656
3.34949e-07, 0.0580514
3.3496e-07, 0.0597685
3.34971e-07, 0.0601276
3.34983e-07, 0.0612602
3.34994e-07, 0.0623764
3.35005e-07, 0.0617993
3.35016e-07, 0.0635391
3.35028e-07, 0.0657665
3.35039e-07, 0.0657879
3.3505e-07, 0.0675141
3.35062e-07, 0.0678804
3.35073e-07, 0.0695602
3.35084e-07, 0.0672023
3.35096e-07, 0.0678581
3.35107e-07, 0.0711343
3.35118e-07, 0.0743953
3.3513e-07, 0.0752516
3.35141e-07, 0.0760585
3.35152e-07, 0.0767098
3.35163e-07, 0.0784133
3.35175e-07, 0.0779105
3.35186e-07, 0.0781633
3.35197e-07, 0.0810508
3.35209e-07, 0.0828469
3.3522e-07, 0.0823365
3.35231e-07, 0.080898
3.35243e-07, 0.0832454
3.35254e-07, 0.0835118
3.35265e-07, 0.080266
3.35276e-07, 0.0848863
3.35288e-07, 0.0878375
3.35299e-07, 0.090193
3.3531e-07, 0.0901842
3.35322e-07, 0.09152
3.35333e-07, 0.0929332
3.35344e-07, 0.0987251
3.35356e-07, 0.0980563
3.35367e-07, 0.100701
3.35378e-07, 0.0988106
3.3539e-07, 0.098508
3.35401e-07, 0.100148
3.35412e-07, 0.101486
3.35423e-07, 0.102815
3.35435e-07, 0.106575
3.35446e-07, 0.108583
3.35457e-07, 0.10794
3.35469e-07, 0.106204
3.3548e-07, 0.106612
3.35491e-07, 0.107719
3.35503e-07, 0.10793
3.35514e-07, 0.111716
3.35525e-07, 0.112426
3.35537e-07, 0.113983
3.35548e-07, 0.114094
3.35559e-07, 0.11373
3.3557e-07, 0.121113
3.35582e-07, 0.119774
3.35593e-07, 0.118588
3.35604e-07, 0.122151
3.35616e-07, 0.125541
3.35627e-07, 0.125906
3.35638e-07, 0.128332
3.3565e-07, 0.128466
3.35661e-07, 0.132435
3.35672e-07, 0.132106
3.35684e-07, 0.134482
3.35695e-07, 0.135225
3.35706e-07, 0.141755
3.35717e-07, 0.142741
3.35729e-07, 0.143805
3.3574e-07, 0.142731
3.35751e-07, 0.144952
3.35763e-07, 0.147082
3.35774e-07, 0.148673
3.35785e-07, 0.151278
3.35797e-07, 0.156381
3.35808e-07, 0.155797
3.35819e-07, 0.157177
3.3583e-07, 0.158961
3.35842e-07, 0.16078
3.35853e-07, 0.157628
3.35864e-07, 0.161525
3.35876e-07, 0.162621
3.35887e-07, 0.168393
3.35898e-07, 0.168169
3.3591e-07, 0.168217
3.35921e-07, 0.17117
3.35932e-07, 0.175498
3.35944e-07, 0.176826
3.35955e-07, 0.178998
3.35966e-07, 0.18025
3.35977e-07, 0.18068
3.35989e-07, 0.18329
3.36e-07, 0.187455
3.36011e-07, 0.189226
3.36023e-07, 0.190443
3.36034e-07, 0.192579
3.36045e-07, 0.198734
3.36057e-07, 0.200006
3.36068e-07, 0.202189
3.36079e-07, 0.204778
3.36091e-07, 0.20772
3.36102e-07, 0.210556
3.36113e-07, 0.21495
3.36124e-07, 0.219602
3.36136e-07, 0.219045
3.36147e-07, 0.220459
3.36158e-07, 0.224272
3.3617e-07, 0.226751
3.36181e-07, 0.227624
3.36192e-07, 0.230702
3.36204e-07, 0.235806
3.36215e-07, 0.238973
3.36226e-07, 0.241695
3.36237e-07, 0.243653
3.36249e-07, 0.24912
3.3626e-07, 0.246386
3.36271e-07, 0.249218
3.36283e-07, 0.25137
3.36294e-07, 0.253545
3.36305e-07, 0.251445
3.36317e-07, 0.253992
3.36328e-07, 0.25932
3.36339e-07, 0.264554
3.36351e-07, 0.263603
3.36362e-07, 0.266234
3.36373e-07, 0.265376
3.36384e-07, 0.270828
3.36396e-07, 0.272422
3.36407e-07, 0.279053
3.36418e-07, 0.282323
3.3643e-07, 0.28555
3.36441e-07, 0.287951
3.36452e-07, 0.289472
3.36464e-07, 0.290941
3.36475e-07, 0.296797
3.36486e-07, 0.301274
3.36498e-07, 0.298473
3.36509e-07, 0.30051
3.3652e-07, 0.303497
3.36531e-07, 0.307081
3.36543e-07, 0.309571
3.36554e-07, 0.310775
3.36565e-07, 0.313702
3.36577e-07, 0.315717
3.36588e-07, 0.319184
3.36599e-07, 0.319146
3.36611e-07, 0.321529
3.36622e-07, 0.317938
3.36633e-07, 0.319913
3.36644e-07, 0.322048
3.36656e-07, 0.330528
3.36667e-07, 0.333259
3.36678e-07, 0.334412
3.3669e-07, 0.333934
3.36701e-07, 0.33585
3.36712e-07, 0.340558
3.36724e-07, 0.34475
3.36735e-07, 0.35078
3.36746e-07, 0.35891
3.36758e-07, 0.362206
3.36769e-07, 0.360834
3.3678e-07, 0.357291
3.36791e-07, 0.359031
3.36803e-07, 0.363634
3.36814e-07, 0.369834
3.36825e-07, 0.372593
3.36837e-07, 0.377012
3.36848e-07, 0.38386
3.36859e-07, 0.391612
3.36871e-07, 0.39733
3.36882e-07, 0.404996
3.36893e-07, 0.413588
3.36905e-07, 0.430717
3.36916e-07, 0.439352
3.36927e-07, 0.460475
3.36938e-07, 0.483567
3.3695e-07, 0.504731
3.36961e-07, 0.528964
3.36972e-07, 0.556352
3.36984e-07, 0.590767
3.36995e-07, 0.631348
3.37006e-07, 0.681773
3.37018e-07, 0.715046
3.37029e-07, 0.761887
3.3704e-07, 0.811822
3.37051e-07, 0.851184
3.37063e-07, 0.895066
3.37074e-07, 0.934539
3.37085e-07, 0.968195
3.37097e-07, 0.985029
3.37108e-07, 0.996101
3.37119e-07, 0.994649
3.37131e-07, 1
3.37142e-07, 0.985097
3.37153e-07, 0.958358
3.37165e-07, 0.930434
3.37176e-07, 0.900934
3.37187e-07, 0.851121
3.37198e-07, 0.799267
3.3721e-07, 0.749664
3.37221e-07, 0.692421
3.37232e-07, 0.622823
3.37244e-07, 0.552212
3.37255e-07, 0.48437
3.37266e-07, 0.411398
3.37278e-07, 0.353002
3.37289e-07, 0.300585
3.373e-07, 0.245701
3.37312e-07, 0.199904
3.37323e-07, 0.161803
3.37334e-07, 0.130451
3.37345e-07, 0.1024
3.37357e-07, 0.0788626
3.37368e-07, 0.0612299
3.37379e-07, 0.0497491
3.37391e-07, 0.0405762
3.37402e-07, 0.0340003
3.37413e-07, 0.0276806
3.37425e-07, 0.027295
3.37436e-07, 0.0238279
3.37447e-07, 0.0234426
3.37458e-07, 0.0224873
3.3747e-07, 0.0215375
3.37481e-07, 0.0191786
3.37492e-07, 0.0184158
3.37504e-07, 0.018616
3.37515e-07, 0.0172419
3.37526e-07, 0.0152381
3.37538e-07, 0.0153978
3.37549e-07, 0.0148108
3.3756e-07, 0.0145421
3.37572e-07, 0.0132127
3.37583e-07, 0.0137041
3.37594e-07, 0.012029
3.37605e-07, 0.0123876
3.37617e-07, 0.010421
3.37628e-07, 0.0108222
3.37639e-07, 0.0103052
3.37651e-07, 0.0101832
3.37662e-07, 0.00833116
3.37673e-07, 0.008666
3.37685e-07, 0.00930886
3.37696e-07, 0.00831393
3.37707e-07, 0.0082587
3.37719e-07, 0.00715935
3.3773e-07, 0.00807872
3.37741e-07, 0.00727085
3.37752e-07, 0.00836848
3.37764e-07, 0.00797841
3.37775e-07, 0.00810075
3.37786e-07, 0.00678388
3.37798e-07, 0.00699467
3.37809e-07, 0.00675273
3.3782e-07, 0.00572254
3.37832e-07, 0.00533349
3.37843e-07, 0.00563478
3.37854e-07, 0.00480111
3.37865e-07, 0.00469304
3.37877e-07, 0.00546668
3.37888e-07, 0.00400373
3.37899e-07, 0.00360556
3.37911e-07, 0.00407495
3.37922e-07, 0.00419558
3.37933e-07, 0.00331957
3.37945e-07, 0.00303186
3.37956e-07, 0.0027364
3.37967e-07, 0.00454057
3.37979e-07, 0.00279232
3.3799e-07, 0.00289161
3.38001e-07, 0.00228196
3.38012e-07, 0.00305629
3.38024e-07, 0.00279905
3.38035e-07, 0.0025731
3.38046e-07, 0.00162449
3.38058e-07, 0.00383061
3.38069e-07, 0.00120361
3.3808e-07, 0.00156116
3.38092e-07, 0.00109657
3.38103e-07, 0.00166045
3.38114e-07, 0.00148219
3.38126e-07, 0.0014944
3.38137e-07, 0.00160795
3.38148e-07, 0.00142057
3.38159e-07, 0.00163842
3.38171e-07, 0.00184955
3.38182e-07, 0.0015825
3.38193e-07, 0.00259204
3.38205e-07, 0.00165098
3.38216e-07, 0.00112978
3.38227e-07, 0.000795964
3.38239e-07, 0.000743471
3.3825e-07, 0.00209389
3.38261e-07, 0.000699763
3.38272e-07, 0.000774624
3.38284e-07, 0.000630943
3.38295e-07, 0.00137171
3.38306e-07, 0.000677394
3.38318e-07, 0.00120738
3.38329e-07, 0.00103927
3.3834e-07, 0.00105354
3.38352e-07, 0.000921047
3.38363e-07, 0.000232426
3.38374e-07, 0.000854285
3.38386e-07, 0.000286975
3.38397e-07, 0.000874253
3.38408e-07, -6.74909e-05
3.38419e-07, 0.00145
3.38431e-07, 0.000697363
3.38442e-07, 0.000762068
3.38453e-07, 0.000520473
3.38465e-07, 0.000618045
3.38476e-07, 0.000898336
3.38487e-07, 0.000476421
3.38499e-07, -0.000544983
3.3851e-07, 0.000774624
3.38521e-07, 0.00088578
3.38533e-07, 0.0006306
3.38544e-07, 0.000221242
3.38555e-07, 0.00127517
3.38566e-07, 0.000786837
3.38578e-07, 0.000787522
3.38589e-07, 0.0012972
3.386e-07, 0.00174114
3.38612e-07, 0.000422557
3.38623e-07, 0.000319842
3.38634e-07, -3.56523e-05
3.38646e-07, 0.000707176
3.38657e-07, -0.000300988
3.38668e-07, 0.00100846
3.38679e-07, 0.000698391
3.38691e-07, 0.00249309
3.38702e-07, 0.000932231
3.38713e-07, 0.000589635
3.38725e-07, 0.000743814
3.38736e-07, 0.00189292
3.38747e-07, 0.0008431
3.38759e-07, 0.000175819
3.3877e-07, 0.000711975
3.38781e-07, 0.00155272
3.38793e-07, 0.000664496
3.38804e-07, 0.000775309
3.38815e-07, 0.000975254
3.38826e-07, 0.00149783
3.38838e-07, 0.00052013
3.38849e-07, 0.000641099
3.3886e-07, 0.00110981
3.38872e-07, 0.00198205
3.38883e-07, 0.00124299
3.38894e-07, 0.00108812
3.38906e-07, -8.91737e-05
3.38917e-07, 0.002039
3.38928e-07, 0.000432713
3.3894e-07, 0.00067808
3.38951e-07, 0.000407259
3.38962e-07, 0.0006306
3.38973e-07, 0.00115489
3.38985e-07, 0.000732287
3.38996e-07, 0.00147306
3.39007e-07, 0.000431685
3.39019e-07, 0.000598076
3.3903e-07, 0.00110912
3.39041e-07, 0.000541812
3.39053e-07, 0.000256165
3.39064e-07, 0.00107763
3.39075e-07, 0.000754998
3.39086e-07, 0.000485891
3.39098e-07, 0.000289718
3.39109e-07, 0.00102946
3.3912e-07, 0.00120772
3.39132e-07, 0.000543869
3.39143e-07, 0.000708204
3.39154e-07, 0.000743128
3.39166e-07, 0.000531314
3.39177e-07, 0.00114199
3.39188e-07, 0.000907463
3.392e-07, 0.00088818
3.39211e-07, 0.000608575
3.39222e-07, 0.000342211
3.39233e-07, -0.000168492
3.39245e-07, 0.000498447
3.39256e-07, 0.000432713
3.39267e-07, 0.000843443
3.39279e-07, 0.000555739
3.3929e-07, 0.000521844
3.39301e-07, 0.000687893
3.39313e-07, 0.00107865
3.39324e-07, 0.000822103
3.39335e-07, 0.000400532
3.39347e-07, 0.000631286
3.39358e-07, 0.000698734
3.39369e-07, 0.00210576
3.3938e-07, 0.00119722
3.39392e-07, 0.000809205
3.39403e-07, 0.0012318
3.39414e-07, 0.00239278
3.39426e-07, 0.000742785
3.39437e-07, 0.000620445
3.39448e-07, 0.000277505
3.3946e-07, 6.67196e-05
3.39471e-07, 0.00043237
3.39482e-07, 0.000490691
3.39493e-07, 0.0007421
3.39505e-07, -3.53095e-05
3.39516e-07, 0.000775652
3.39527e-07, 0.000909863
3.39539e-07, 0.000697363
3.3955e-07, 0.00123922
3.39561e-07, 0.000932917
3.39573e-07, 0.000823132
3.39584e-07, 0.000742785
3.39595e-07, 0.00195021
3.39607e-07, 0.000121269
3.39618e-07, 0.000898336
3.39629e-07, 0.000355452
3.3964e-07, 0.00113616
3.39652e-07, 0.000500161
3.39663e-07, 8.56599e-05
3.39674e-07, 0.000433399
3.39686e-07, -0.000420586
3.39697e-07, 0.000921047
3.39708e-07, 0.000788893
3.3972e-07, 0.000286633
3.39731e-07, 0.000721788
3.39742e-07, 0.000431342
3.39754e-07, 0.000387976
3.39765e-07, 0.000510317
3.39776e-07, 0.000410345
3.39787e-07, 0.000488634
3.39799e-07, 0.000665524
3.3981e-07, 0.00051066
3.39821e-07, 0.00043237
3.39833e-07, 0.000655711
3.39844e-07, 0.000467637
3.39855e-07, 0.000656054
3.39867e-07, 0.00110809
3.39878e-07, 0.000676023
3.39889e-07, 0.000563495
3.399e-07, 0.000342211
3.39912e-07, 0.00100915
3.39923e-07, 0.00110946
3.39934e-07, 0.000707861
3.39946e-07, 0.000344268
3.39957e-07, -7.93607e-05
3.39968e-07, 6.84336e-05
3.3998e-07, 0.000297474
3.39991e-07, 0.00134262
3.40002e-07, 0.000810919
3.40014e-07, 0.00110878
3.40025e-07, 0.000167377
3.40036e-07, 0.000852913
3.40047e-07, 0.00208339
3.40059e-07, 0.000743128
3.4007e-07, 0.000733658
3.40081e-07, 0.000652969
3.40093e-07, 0.000387633
3.40104e-07, 0.000742785
3.40115e-07, 0.000322585
3.40127e-07, -0.000100015
3.40138e-07, 0.00129514
3.40149e-07, 0.000409659
3.40161e-07, 0.000865469
3.40172e-07, 8.63455e-05
3.40183e-07, 0.00175163
3.40194e-07, -0.000414201
3.40206e-07, 0.000777709
3.40217e-07, -0.000453453
3.40228e-07, 0.00323729
3.4024e-07, 0.000357509
3.40251e-07, 0.00118912
3.40262e-07, 0.00072076
3.40274e-07, 0.00311255
3.40285e-07, 0.000788893
3.40296e-07, 0.000685493
3.40307e-07, 0.000211429
3.40319e-07, 0.00136293
3.4033e-07, 0.000653997
3.40341e-07, 0.00112978
3.40353e-07, 0.00141007
3.40364e-07, 0.000430999
3.40375e-07, 0.000820732
3.40387e-07, -0.000110856
3.40398e-07, 0.000732972
3.40409e-07, 0.00071129
3.40421e-07, 0.0011881
3.40432e-07, 0.000835687
3.40443e-07, 0.00094273
3.40454e-07, 0.00041343
3.40466e-07, 0.000688921
3.40477e-07, 0.00038969
3.40488e-07, 0.000305573
3.405e-07, 0.000778395
3.40511e-07, 0.000412401
3.40522e-07, 0.000788893
3.40534e-07, 0.000266321
3.40545e-07, 0.000754998
3.40556e-07, 0.000810919
3.40568e-07, 4.0923e-05
3.40579e-07, 0.000700448
3.4059e-07, 0.000788551
3.40601e-07, 0.000242581
3.40613e-07, 0.000976968
3.40624e-07, 0.000210743
3.40635e-07, 0.00127483
3.40647e-07, 0.000311744
3.40658e-07, 2.43824e-05
3.40669e-07, 0.000387291
3.40681e-07, 0.000655369
3.40692e-07, 0.000553682
3.40703e-07, 0.000523558
3.40714e-07, -0.000547383
3.40726e-07, 0.00015585
3.40737e-07, 0.000421529
3.40748e-07, 0.0012867
3.4076e-07, 0.000555396
3.40771e-07, 0.00113925
3.40782e-07, 0.00127791
3.40794e-07, 0.000934288
3.40805e-07, 0.00115454
3.40816e-07, 0.000533028
3.40828e-07, 0.0011881
3.40839e-07, 0.000275448
3.4085e-07, 0.000513059
3.40861e-07, 0.001715
3.40873e-07, 0.00022227
3.40884e-07, 0.000165321
3.40895e-07, -7.55898e-05
3.40907e-07, 0.00122906
3.40918e-07, 0.000621473
3.40929e-07, 0.000320871
3.40941e-07, 0.000733315
3.40952e-07, 0.00100881
3.40963e-07, 0.00014638
3.40975e-07, 0.000368007
3.40986e-07, 0.000176505
3.40997e-07, 0.00235854
3.41008e-07, 0.000644184
3.4102e-07, 0.00117657
3.41031e-07, 0.000354424
3.41042e-07, 0.0014548
3.41054e-07, 0.000496047
3.41065e-07, 0.000214514
3.41076e-07, 0.000321557
3.41088e-07, 0.00200167
3.41099e-07, 0.000966812
3.4111e-07, 0.000589635
3.41121e-07, 0.00109657
3.41133e-07, 0.00107694
3.41144e-07, -0.000410087
3.41155e-07, -4.10087e-05
3.41167e-07, 5.75922e-05
3.41178e-07, 0.000344953
3.41189e-07, 0.000202644
3.41201e-07, -0.000211514
3.41212e-07, 0.000299874
3.41223e-07, 5.58782e-05
3.41235e-07, -0.000222013
3.41246e-07, 0.000157564
3.41257e-07, 0.00013451
3.41268e-07, 0.000564867
3.4128e-07, 0.000201273
3.41291e-07, 0.0009546
3.41302e-07, 3.45382e-05
3.41314e-07, -3.85662e-07
3.41325e-07, 0.000412059
3.41336e-07, 0.000167035
3.41348e-07, 0.000565209
3.41359e-07, 0.000100958
3.4137e-07, 0.000240867
3.41382e-07, 0.000488634
3.41393e-07, 0.000278534
3.41404e-07, 0.000391747
3.41415e-07, 0.000753284
3.41427e-07, 0.000100958
3.41438e-07, 0.000265978
3.41449e-07, 0.00037782
3.41461e-07, -4.28514e-08
3.41472e-07, 0.000621816
3.41483e-07, 0.000156879
3.41495e-07, 0.00108538
3.41506e-07, 0.00087631
3.41517e-07, 0.00014638
3.41528e-07, 7.85894e-05
3.4154e-07, 0.00311426
3.41551e-07, 0.00035888
3.41562e-07, 0.000399503
3.41574e-07, 0.000267692
3.41585e-07, 0.000808862
3.41596e-07, 0.000868211
3.41608e-07, -0.00021927
3.41619e-07, 0.000688921
3.4163e-07, 0.00227284
3.41642e-07, 0.000279562
3.41653e-07, 0.000376792
3.41664e-07, 0.000663125
3.41675e-07, 0.00134262
3.41687e-07, 0.000732972
3.41698e-07, 1.31982e-05
3.41709e-07, 0.000456453
3.41721e-07, 0.00115283
3.41732e-07, 0.000191117
3.41743e-07, 0.000112142
3.41755e-07, 0.000455424
3.41766e-07, 0.000630943
3.41777e-07, 6.9462e-05
3.41789e-07, 0.000110771
3.418e-07, -0.00023354
3.41811e-07, 0.00225891
3.41822e-07, 0.00028869
3.41834e-07, -0.000119641
3.41845e-07, 0.00036835
3.41856e-07, 0.000357166
3.41868e-07, -0.000331455
3.41879e-07, 0.000634029
3.4189e-07, 6.7748e-05
3.41902e-07, 0.000777024
3.41913e-07, 0.00019853
3.41924e-07, 3.28241e-05
3.41935e-07, -0.000205344
3.41947e-07, 0.00103117
3.41958e-07, 0.000192831
3.41969e-07, 0.000512031
3.41981e-07, 0.000324299
3.41992e-07, 3.62522e-05
3.42003e-07, 0.000233454
3.42015e-07, -0.0003165
3.42026e-07, 9.92437e-05
3.42037e-07, 9.95865e-05
3.42049e-07, 0.00043237
3.4206e-07, 0.000365951
3.42071e-07, 0.000168406
3.42082e-07, 0.000875625
3.42094e-07, -0.000275534
3.42105e-07, 0.000212114
3.42116e-07, 0.000660168
3.42128e-07, 0.000521158
3.42139e-07, -0.000218585
3.4215e-07, 0.000546269
3.42162e-07, -2.06972e-05
3.42173e-07, -4.30656e-05
3.42184e-07, 7.79038e-05
3.42196e-07, 0.000344953
3.42207e-07, 0.00112236
3.42218e-07, 0.00129788
3.42229e-07, 0.000842415
3.42241e-07, 8.20175e-05
3.42252e-07, 0.000135882
3.42263e-07, 0.00262902
3.42275e-07, 0.000369036
3.42286e-07, -6.40628e-05
3.42297e-07, 0.000188717
3.42309e-07, -0.000685922
3.4232e-07, 0.000166349
3.42331e-07, -0.000376535
3.42342e-07, -0.000165063
3.42354e-07, 0.000510317
3.42365e-07, 0.000111456
3.42376e-07, 0.000424271
3.42388e-07, 0.000235168
3.42399e-07, 0.00213657
3.4241e-07, 0.000211429
3.42422e-07, 3.38526e-05
3.42433e-07, -0.000153879
3.42444e-07, 0.00152727
3.42456e-07, -1.82975e-05
3.42467e-07, 0.000400532
3.42478e-07, 0.000278877
3.42489e-07, 0.00208442
3.42501e-07, 0.000289375
3.42512e-07, 0.000466951
3.42523e-07, -3.22242e-05
3.42535e-07, 0.00023414
3.42546e-07, -9.72726e-05
3.42557e-07, -0.000586978
3.42569e-07, 0.000358537
3.4258e-07, -0.000662868
3.42591e-07, 0.000467294
3.42603e-07, -2.17256e-05
3.42614e-07, 0.000125383
3.42625e-07, -3.11958e-05
3.42636e-07, 0.000621473
3.42648e-07, -3.42811e-05
3.42659e-07, 0.000313115
3.4267e-07, -5.15073e-05
3.42682e-07, 0.000199902
3.42693e-07, 0.00022467
3.42704e-07, -0.00073203
3.42716e-07, 0.000713689
3.42727e-07, -7.42185e-05
3.42738e-07, 0.000674994
3.42749e-07, 0.00014638
3.42761e-07, 0.000366636
3.42772e-07, 0.000167035
3.42783e-07, 0.000188717
3.42795e-07, 0.000234825
3.42806e-07, 0.000811605
3.42817e-07, 0.000333084
3.42829e-07, 0.000513402
3.4284e-07, 0.000256165
3.42851e-07, 0.000500847
3.42863e-07, -0.000219613
3.42874e-07, 0.000102329
3.42885e-07, 0.000192145
3.42896e-07, 0.000192488
3.42908e-07, 0.000544212
3.42919e-07, 0.000167377
3.4293e-07, 0.000145352
3.42942e-07, 0.000741414
3.42953e-07, 0.000257879
3.42964e-07, -6.33771e-05
3.42976e-07, 0.000388662
3.42987e-07, -5.42498e-05
3.42998e-07, 0.000513402
3.4301e-07, 0.000122641
3.43021e-07, 0.000246695
3.43032e-07, 0.00208065
3.43043e-07, 0.000444583
3.43055e-07, 0.000266664
3.43066e-07, 0.000559167
3.43077e-07, 0.00127757
3.43089e-07, 0.000192145
3.431e-07, -0.000210486
3.43111e-07, 0.000157907
3.43123e-07, 0.00137274
3.43134e-07, -0.0001064
3.43145e-07, 0.00017959
3.43156e-07, 6.80908e-05
3.43168e-07, 0.00198445
3.43179e-07, 1.32839e-06
3.4319e-07, 2.3354e-05
3.43202e-07, 0.000211086
3.43213e-07, 0.00115523
3.43224e-07, 8.03034e-05
3.43236e-07, 0.000502561
3.43247e-07, -0.000265378
3.43258e-07, 0.000591006
3.4327e-07, -0.000211171
3.43281e-07, 0.000315514
3.43292e-07, 0.000247038
3.43303e-07, -0.000154908
3.43315e-07, 2.01401e-06
3.43326e-07, 0.00020093
3.43337e-07, 0.000299531
3.43349e-07, -7.79895e-05
3.4336e-07, -0.000212543
3.43371e-07, 0.000110771
3.43383e-07, 0.000532685
3.43394e-07, -0.000231826
3.43405e-07, 0.00020333
3.43417e-07, -9.96722e-05
3.43428e-07, -0.00039856
3.43439e-07, 0.000412744
3.4345e-07, -0.000329741
3.43462e-07, 2.64393e-05
3.43473e-07, 0.00012504
3.43484e-07, 4.70936e-05
3.43496e-07, 0.000366293
3.43507e-07, -9.59013e-05
3.43518e-07, -0.000222356
3.4353e-07, -0.000262979
3.43541e-07, 0.000169434
3.43552e-07, -7.45614e-05
3.43563e-07, 0.000146037
3.43575e-07, -1.12271e-05
3.43586e-07, 0.000480878
3.43597e-07, 0.000624216
3.43609e-07, 3.17957e-05
3.4362e-07, 0.00024601
3.43631e-07, 3.62522e-05
3.43643e-07, -0.000141667
3.43654e-07, -0.000342639
3.43665e-07, 0.000636428
3.43677e-07, -0.000198959
3.43688e-07, 0.000701134
3.43699e-07, 0.000236197
3.4371e-07, 3.38526e-06
3.43722e-07, 0.000134168
3.43733e-07, 0.000235168
3.43744e-07, 0.000547983
3.43756e-07, 0.000601504
3.43767e-07, 0.000678765
3.43778e-07, 0.000189403
3.4379e-07, -0.000328713
3.43801e-07, 0.000522872
