3.28256e-07, 1.95757e-66
3.28267e-07, 2.47132e-65
3.28278e-07, 3.04884e-64
3.2829e-07, 3.67566e-63
3.28301e-07, 4.33042e-62
3.28312e-07, 4.98563e-61
3.28324e-07, 5.60924e-60
3.28335e-07, 6.16713e-59
3.28346e-07, 6.62609e-58
3.28357e-07, 6.95706e-57
3.28369e-07, 7.13822e-56
3.2838e-07, 7.1573e-55
3.28391e-07, 7.01299e-54
3.28403e-07, 6.71511e-53
3.28414e-07, 6.28345e-52
3.28425e-07, 5.74565e-51
3.28437e-07, 5.13423e-50
3.28448e-07, 4.4834e-49
3.28459e-07, 3.82592e-48
3.28471e-07, 3.19051e-47
3.28482e-07, 2.60004e-46
3.28493e-07, 2.07061e-45
3.28504e-07, 1.61143e-44
3.28516e-07, 1.22552e-43
3.28527e-07, 9.10808e-43
3.28538e-07, 6.615e-42
3.2855e-07, 4.69494e-41
3.28561e-07, 3.25632e-40
3.28572e-07, 2.2071e-39
3.28584e-07, 1.46189e-38
3.28595e-07, 9.46246e-38
3.28606e-07, 5.98537e-37
3.28618e-07, 3.69978e-36
3.28629e-07, 2.23491e-35
3.2864e-07, 1.31929e-34
3.28651e-07, 7.61063e-34
3.28663e-07, 4.29041e-33
3.28674e-07, 2.36361e-32
3.28685e-07, 1.27248e-31
3.28697e-07, 6.69464e-31
3.28708e-07, 3.44192e-30
3.28719e-07, 1.72932e-29
3.28731e-07, 8.49079e-29
3.28742e-07, 4.074e-28
3.28753e-07, 1.91027e-27
3.28764e-07, 8.75321e-27
3.28776e-07, 3.9196e-26
3.28787e-07, 1.7152e-25
3.28798e-07, 7.33484e-25
3.2881e-07, 3.06526e-24
3.28821e-07, 1.25183e-23
3.28832e-07, 4.99602e-23
3.28844e-07, 1.94852e-22
3.28855e-07, 7.42656e-22
3.28866e-07, 2.76613e-21
3.28878e-07, 1.00684e-20
3.28889e-07, 3.58138e-20
3.289e-07, 1.24493e-19
3.28911e-07, 4.22902e-19
3.28923e-07, 1.40391e-18
3.28934e-07, 4.55453e-18
3.28945e-07, 1.44395e-17
3.28957e-07, 4.47366e-17
3.28968e-07, 1.3545e-16
3.28979e-07, 4.00776e-16
3.28991e-07, 1.15885e-15
3.29002e-07, 3.27461e-15
3.29013e-07, 9.04269e-15
3.29025e-07, 2.44029e-14
3.29036e-07, 6.43564e-14
3.29047e-07, 1.65863e-13
3.29058e-07, 4.17746e-13
3.2907e-07, 1.02821e-12
3.29081e-07, 2.47322e-12
3.29092e-07, 5.81365e-12
3.29104e-07, 1.3355e-11
3.29115e-07, 2.99811e-11
3.29126e-07, 6.57749e-11
3.29138e-07, 1.4102e-10
3.29149e-07, 2.9547e-10
3.2916e-07, 6.05e-10
3.29171e-07, 1.21062e-09
3.29183e-07, 2.3674e-09
3.29194e-07, 4.52424e-09
3.29205e-07, 8.4495e-09
3.29217e-07, 1.54216e-08
3.29228e-07, 2.75067e-08
3.29239e-07, 4.79471e-08
3.29251e-07, 8.16768e-08
3.29262e-07, 1.35972e-07
3.29273e-07, 2.21214e-07
3.29285e-07, 3.51715e-07
3.29296e-07, 5.46492e-07
3.29307e-07, 8.29837e-07
3.29318e-07, 1.23145e-06
3.2933e-07, 1.78591e-06
3.29341e-07, 2.53115e-06
3.29352e-07, 3.50587e-06
3.29364e-07, 4.74561e-06
3.29375e-07, 6.27784e-06
3.29386e-07, 8.11619e-06
3.29398e-07, 1.02547e-05
3.29409e-07, 1.26627e-05
3.2942e-07, 1.52817e-05
3.29432e-07, 1.80251e-05
3.29443e-07, 2.07809e-05
3.29454e-07, 2.3419e-05
3.29465e-07, 2.58021e-05
3.29477e-07, 2.77983e-05
3.29488e-07, 2.92966e-05
3.29499e-07, 3.02207e-05
3.29511e-07, 3.05409e-05
3.29522e-07, 3.02822e-05
3.29533e-07, 2.95268e-05
3.29545e-07, 2.84113e-05
3.29556e-07, 2.71183e-05
3.29567e-07, 2.58631e-05
3.29578e-07, 2.48771e-05
3.2959e-07, 2.43884e-05
3.29601e-07, 2.46027e-05
3.29612e-07, 2.56834e-05
3.29624e-07, 2.77348e-05
3.29635e-07, 3.07875e-05
3.29646e-07, 3.47894e-05
3.29658e-07, 3.96023e-05
3.29669e-07, 4.50057e-05
3.2968e-07, 5.07089e-05
3.29692e-07, 5.63722e-05
3.29703e-07, 6.1634e-05
3.29714e-07, 6.61451e-05
3.29725e-07, 6.96034e-05
3.29737e-07, 7.17878e-05
3.29748e-07, 7.25863e-05
3.29759e-07, 7.20137e-05
3.29771e-07, 7.0218e-05
3.29782e-07, 6.74727e-05
3.29793e-07, 6.41572e-05
3.29805e-07, 6.07257e-05
3.29816e-07, 5.76685e-05
3.29827e-07, 5.54693e-05
3.29839e-07, 5.45614e-05
3.2985e-07, 5.52874e-05
3.29861e-07, 5.78643e-05
3.29872e-07, 6.23579e-05
3.29884e-07, 6.86674e-05
3.29895e-07, 7.65241e-05
3.29906e-07, 8.55037e-05
3.29918e-07, 9.5055e-05
3.29929e-07, 0.000104541
3.2994e-07, 0.000113296
3.29952e-07, 0.000120681
3.29963e-07, 0.000126154
3.29974e-07, 0.000129321
3.29985e-07, 0.000129988
3.29997e-07, 0.00012818
3.30008e-07, 0.000124153
3.30019e-07, 0.00011837
3.30031e-07, 0.00011147
3.30042e-07, 0.000104205
3.30053e-07, 9.73805e-05
3.30065e-07, 9.17785e-05
3.30076e-07, 8.8093e-05
3.30087e-07, 8.68667e-05
3.30099e-07, 8.84414e-05
3.3011e-07, 9.29233e-05
3.30121e-07, 0.000100167
3.30132e-07, 0.000109779
3.30144e-07, 0.00012114
3.30155e-07, 0.000133455
3.30166e-07, 0.000145813
3.30178e-07, 0.000157266
3.30189e-07, 0.000166921
3.302e-07, 0.000174023
3.30212e-07, 0.000178038
3.30223e-07, 0.000178708
3.30234e-07, 0.000176089
3.30246e-07, 0.000170555
3.30257e-07, 0.000162765
3.30268e-07, 0.000153611
3.30279e-07, 0.000144137
3.30291e-07, 0.000135438
3.30302e-07, 0.000128569
3.30313e-07, 0.000124443
3.30325e-07, 0.000123744
3.30336e-07, 0.000126866
3.30347e-07, 0.000133867
3.30359e-07, 0.00014445
3.3037e-07, 0.000157985
3.30381e-07, 0.000173548
3.30392e-07, 0.000189995
3.30404e-07, 0.000206064
3.30415e-07, 0.000220488
3.30426e-07, 0.000232118
3.30438e-07, 0.000240042
3.30449e-07, 0.000243683
3.3046e-07, 0.000242867
3.30472e-07, 0.000237853
3.30483e-07, 0.000229321
3.30494e-07, 0.000218312
3.30506e-07, 0.000206133
3.30517e-07, 0.000194242
3.30528e-07, 0.000184105
3.30539e-07, 0.00017706
3.30551e-07, 0.000174189
3.30562e-07, 0.000176212
3.30573e-07, 0.000183407
3.30585e-07, 0.000195576
3.30596e-07, 0.000212045
3.30607e-07, 0.000231709
3.30619e-07, 0.000253124
3.3063e-07, 0.000274631
3.30641e-07, 0.000294511
3.30653e-07, 0.000311152
3.30664e-07, 0.00032322
3.30675e-07, 0.000329796
3.30686e-07, 0.000330492
3.30698e-07, 0.000325503
3.30709e-07, 0.000315603
3.3072e-07, 0.000302084
3.30732e-07, 0.000286636
3.30743e-07, 0.000271186
3.30754e-07, 0.000257716
3.30766e-07, 0.000248061
3.30777e-07, 0.000243735
3.30788e-07, 0.000245773
3.30799e-07, 0.000254616
3.30811e-07, 0.000270058
3.30822e-07, 0.000291239
3.30833e-07, 0.00031671
3.30845e-07, 0.000344556
3.30856e-07, 0.00037257
3.30867e-07, 0.000398464
3.30879e-07, 0.000420099
3.3089e-07, 0.000435716
3.30901e-07, 0.000444126
3.30913e-07, 0.000444857
3.30924e-07, 0.000438225
3.30935e-07, 0.00042532
3.30946e-07, 0.000407915
3.30958e-07, 0.000388297
3.30969e-07, 0.000369046
3.3098e-07, 0.000352771
3.30992e-07, 0.000341852
3.31003e-07, 0.000338187
3.31014e-07, 0.000342996
3.31026e-07, 0.000356672
3.31037e-07, 0.000378727
3.31048e-07, 0.000407807
3.3106e-07, 0.000441804
3.31071e-07, 0.000478049
3.31082e-07, 0.00051357
3.31093e-07, 0.000545387
3.31105e-07, 0.000570834
3.31116e-07, 0.000587848
3.31127e-07, 0.000595213
3.31139e-07, 0.000592711
3.3115e-07, 0.000581183
3.31161e-07, 0.000562459
3.31173e-07, 0.00053919
3.31184e-07, 0.000514587
3.31195e-07, 0.000492089
3.31206e-07, 0.00047501
3.31218e-07, 0.000466183
3.31229e-07, 0.000467656
3.3124e-07, 0.000480455
3.31252e-07, 0.00050445
3.31263e-07, 0.000538335
3.31274e-07, 0.000579731
3.31286e-07, 0.0006254
3.31297e-07, 0.000671569
3.31308e-07, 0.000714315
3.3132e-07, 0.000749986
3.31331e-07, 0.000775613
3.31342e-07, 0.000789257
3.31353e-07, 0.000790255
3.31365e-07, 0.00077933
3.31376e-07, 0.000758552
3.31387e-07, 0.000731142
3.31399e-07, 0.000701147
3.3141e-07, 0.000673013
3.31421e-07, 0.00065111
3.31433e-07, 0.000639248
3.31444e-07, 0.000640253
3.31455e-07, 0.000655632
3.31467e-07, 0.000685372
3.31478e-07, 0.000727898
3.31489e-07, 0.000780203
3.315e-07, 0.000838133
3.31512e-07, 0.000896812
3.31523e-07, 0.000951162
3.31534e-07, 0.000996468
3.31546e-07, 0.00102892
3.31557e-07, 0.00104609
3.31568e-07, 0.00104721
3.3158e-07, 0.00103335
3.31591e-07, 0.00100731
3.31602e-07, 0.000973385
3.31613e-07, 0.000936862
3.31625e-07, 0.000903487
3.31636e-07, 0.000878802
3.31647e-07, 0.00086752
3.31659e-07, 0.00087297
3.3167e-07, 0.000896687
3.31681e-07, 0.000938193
3.31693e-07, 0.000994995
3.31704e-07, 0.00106281
3.31715e-07, 0.00113602
3.31727e-07, 0.00120824
3.31738e-07, 0.00127309
3.31749e-07, 0.00132488
3.3176e-07, 0.00135933
3.31772e-07, 0.00137411
3.31783e-07, 0.00136915
3.31794e-07, 0.00134671
3.31806e-07, 0.00131122
3.31817e-07, 0.00126875
3.31828e-07, 0.00122636
3.3184e-07, 0.00119132
3.31851e-07, 0.00117021
3.31862e-07, 0.00116818
3.31874e-07, 0.00118829
3.31885e-07, 0.0012311
3.31896e-07, 0.00129453
3.31907e-07, 0.00137405
3.31919e-07, 0.00146314
3.3193e-07, 0.00155401
3.31941e-07, 0.00163852
3.31953e-07, 0.00170909
3.31964e-07, 0.00175969
3.31975e-07, 0.00178658
3.31987e-07, 0.00178885
3.31998e-07, 0.00176856
3.32009e-07, 0.00173062
3.3202e-07, 0.00168224
3.32032e-07, 0.00163208
3.32043e-07, 0.00158928
3.32054e-07, 0.00156232
3.32066e-07, 0.00155798
3.32077e-07, 0.00158051
3.32088e-07, 0.00163097
3.321e-07, 0.00170712
3.32111e-07, 0.00180352
3.32122e-07, 0.00191219
3.32134e-07, 0.00202349
3.32145e-07, 0.00212725
3.32156e-07, 0.00221409
3.32167e-07, 0.00227653
3.32179e-07, 0.00231005
3.3219e-07, 0.00231368
3.32201e-07, 0.00229025
3.32213e-07, 0.00224609
3.32224e-07, 0.00219036
3.32235e-07, 0.00213393
3.32247e-07, 0.00208804
3.32258e-07, 0.00206292
3.32269e-07, 0.00206644
3.32281e-07, 0.00210309
3.32292e-07, 0.00217328
3.32303e-07, 0.00227327
3.32314e-07, 0.00239546
3.32326e-07, 0.00252932
3.32337e-07, 0.00266267
3.32348e-07, 0.00278316
3.3236e-07, 0.00287992
3.32371e-07, 0.00294496
3.32382e-07, 0.0029743
3.32394e-07, 0.00296861
3.32405e-07, 0.00293317
3.32416e-07, 0.00287736
3.32427e-07, 0.00281347
3.32439e-07, 0.00275519
3.3245e-07, 0.00271583
3.32461e-07, 0.00270656
3.32473e-07, 0.00273491
3.32484e-07, 0.00280369
3.32495e-07, 0.00291051
3.32507e-07, 0.003048
3.32518e-07, 0.00320463
3.32529e-07, 0.0033662
3.32541e-07, 0.00351762
3.32552e-07, 0.00364496
3.32563e-07, 0.00373731
3.32574e-07, 0.00378833
3.32586e-07, 0.00379723
3.32597e-07, 0.00376899
3.32608e-07, 0.0037138
3.3262e-07, 0.00364582
3.32631e-07, 0.00358131
3.32642e-07, 0.0035365
3.32654e-07, 0.00352533
3.32665e-07, 0.00355752
3.32676e-07, 0.00363715
3.32688e-07, 0.00376198
3.32699e-07, 0.00392361
3.3271e-07, 0.00410851
3.32721e-07, 0.00429981
3.32733e-07, 0.0044795
3.32744e-07, 0.00463099
3.32755e-07, 0.00474142
3.32767e-07, 0.00480353
3.32778e-07, 0.00481684
3.32789e-07, 0.00478784
3.32801e-07, 0.00472923
3.32812e-07, 0.00465825
3.32823e-07, 0.00459436
3.32834e-07, 0.00455649
3.32846e-07, 0.00456036
3.32857e-07, 0.00461618
3.32868e-07, 0.00472707
3.3288e-07, 0.00488848
3.32891e-07, 0.00508867
3.32902e-07, 0.00531029
3.32914e-07, 0.00553272
3.32925e-07, 0.00573501
3.32936e-07, 0.00589891
3.32948e-07, 0.00601156
3.32959e-07, 0.00606752
3.3297e-07, 0.00606965
3.32981e-07, 0.00602891
3.32993e-07, 0.00596289
3.33004e-07, 0.00589335
3.33015e-07, 0.00584311
3.33027e-07, 0.00583269
3.33038e-07, 0.00587723
3.33049e-07, 0.00598417
3.33061e-07, 0.006152
3.33072e-07, 0.00637028
3.33083e-07, 0.00662108
3.33095e-07, 0.00688152
3.33106e-07, 0.00712711
3.33117e-07, 0.00733538
3.33128e-07, 0.00748937
3.3314e-07, 0.00758027
3.33151e-07, 0.0076089
3.33162e-07, 0.00758581
3.33174e-07, 0.00752977
3.33185e-07, 0.00746514
3.33196e-07, 0.00741816
3.33208e-07, 0.00741297
3.33219e-07, 0.0074679
3.3323e-07, 0.00759247
3.33241e-07, 0.00778583
3.33253e-07, 0.00803668
3.33264e-07, 0.00832487
3.33275e-07, 0.00862439
3.33287e-07, 0.00890736
3.33298e-07, 0.00914837
3.33309e-07, 0.00932849
3.33321e-07, 0.00943844
3.33332e-07, 0.00948013
3.33343e-07, 0.0094666
3.33355e-07, 0.0094201
3.33366e-07, 0.0093687
3.33377e-07, 0.00934191
3.33388e-07, 0.00936594
3.334e-07, 0.00945952
3.33411e-07, 0.00963074
3.33422e-07, 0.00987559
3.33434e-07, 0.0101785
3.33445e-07, 0.0105146
3.33456e-07, 0.0108537
3.33468e-07, 0.0111653
3.33479e-07, 0.0114233
3.3349e-07, 0.0116104
3.33502e-07, 0.0117213
3.33513e-07, 0.0117636
3.33524e-07, 0.0117566
3.33535e-07, 0.0117283
3.33547e-07, 0.0117111
3.33558e-07, 0.0117361
3.33569e-07, 0.0118281
3.33581e-07, 0.0120015
3.33592e-07, 0.0122572
3.33603e-07, 0.0125829
3.33615e-07, 0.0129547
3.33626e-07, 0.0133411
3.33637e-07, 0.0137081
3.33648e-07, 0.0140252
3.3366e-07, 0.0142707
3.33671e-07, 0.0144351
3.33682e-07, 0.0145236
3.33694e-07, 0.0145545
3.33705e-07, 0.0145568
3.33716e-07, 0.0145653
3.33728e-07, 0.0146141
3.33739e-07, 0.0147313
3.3375e-07, 0.0149334
3.33762e-07, 0.0152229
3.33773e-07, 0.0155872
3.33784e-07, 0.016001
3.33795e-07, 0.0164308
3.33807e-07, 0.0168404
3.33818e-07, 0.0171976
3.33829e-07, 0.0174799
3.33841e-07, 0.0176786
3.33852e-07, 0.0178008
3.33863e-07, 0.0178677
3.33875e-07, 0.0179113
3.33886e-07, 0.0179685
3.33897e-07, 0.0180746
3.33909e-07, 0.0182566
3.3392e-07, 0.0185283
3.33931e-07, 0.0188879
3.33942e-07, 0.0193177
3.33954e-07, 0.0197879
3.33965e-07, 0.0202615
3.33976e-07, 0.0207015
3.33988e-07, 0.0210776
3.33999e-07, 0.021372
3.3401e-07, 0.0215828
3.34022e-07, 0.0217244
3.34033e-07, 0.0218249
3.34044e-07, 0.0219207
3.34055e-07, 0.0220499
3.34067e-07, 0.0222448
3.34078e-07, 0.022526
3.34089e-07, 0.022898
3.34101e-07, 0.0233489
3.34112e-07, 0.0238522
3.34123e-07, 0.0243721
3.34135e-07, 0.0248707
3.34146e-07, 0.0253151
3.34157e-07, 0.025684
3.34169e-07, 0.0259719
3.3418e-07, 0.0261901
3.34191e-07, 0.0263649
3.34202e-07, 0.0265318
3.34214e-07, 0.0267287
3.34225e-07, 0.0269886
3.34236e-07, 0.0273325
3.34248e-07, 0.0277654
3.34259e-07, 0.0282753
3.3427e-07, 0.0288356
3.34282e-07, 0.0294105
3.34293e-07, 0.0299624
3.34304e-07, 0.0304591
3.34316e-07, 0.0308813
3.34327e-07, 0.0312254
3.34338e-07, 0.0315054
3.34349e-07, 0.0317488
3.34361e-07, 0.031992
3.34372e-07, 0.0322717
3.34383e-07, 0.0326182
3.34395e-07, 0.0330483
3.34406e-07, 0.0335627
3.34417e-07, 0.0341453
3.34429e-07, 0.034767
3.3444e-07, 0.035392
3.34451e-07, 0.0359857
3.34462e-07, 0.0365214
3.34474e-07, 0.0369868
3.34485e-07, 0.0373859
3.34496e-07, 0.0377385
3.34508e-07, 0.0380753
3.34519e-07, 0.0384315
3.3453e-07, 0.0388389
3.34542e-07, 0.039319
3.34553e-07, 0.0398786
3.34564e-07, 0.0405082
3.34576e-07, 0.0411844
3.34587e-07, 0.0418752
3.34598e-07, 0.0425475
3.34609e-07, 0.0431742
3.34621e-07, 0.0437403
3.34632e-07, 0.0442462
3.34643e-07, 0.0447071
3.34655e-07, 0.0451496
3.34666e-07, 0.0456054
3.34677e-07, 0.046104
3.34689e-07, 0.0466658
3.347e-07, 0.047298
3.34711e-07, 0.0479927
3.34723e-07, 0.0487295
3.34734e-07, 0.0494804
3.34745e-07, 0.0502166
3.34756e-07, 0.0509148
3.34768e-07, 0.0515635
3.34779e-07, 0.0521647
3.3479e-07, 0.0527334
3.34802e-07, 0.0532939
3.34813e-07, 0.0538737
3.34824e-07, 0.0544966
3.34836e-07, 0.0551774
3.34847e-07, 0.0559185
3.34858e-07, 0.0567094
3.34869e-07, 0.0575299
3.34881e-07, 0.0583551
3.34892e-07, 0.0591618
3.34903e-07, 0.0599339
3.34915e-07, 0.0606666
3.34926e-07, 0.0613666
3.34937e-07, 0.062051
3.34949e-07, 0.0627419
3.3496e-07, 0.0634613
3.34971e-07, 0.0642255
3.34983e-07, 0.0650412
3.34994e-07, 0.0659043
3.35005e-07, 0.0668012
3.35016e-07, 0.0677131
3.35028e-07, 0.0686205
3.35039e-07, 0.0695087
3.3505e-07, 0.070371
3.35062e-07, 0.0712104
3.35073e-07, 0.0720385
3.35084e-07, 0.0728716
3.35096e-07, 0.0737266
3.35107e-07, 0.0746162
3.35118e-07, 0.0755459
3.3513e-07, 0.0765125
3.35141e-07, 0.0775056
3.35152e-07, 0.0785105
3.35163e-07, 0.0795122
3.35175e-07, 0.0804998
3.35186e-07, 0.081469
3.35197e-07, 0.0824235
3.35209e-07, 0.0833731
3.3522e-07, 0.0843316
3.35231e-07, 0.0853127
3.35243e-07, 0.0863262
3.35254e-07, 0.0873762
3.35265e-07, 0.0884598
3.35276e-07, 0.0895686
3.35288e-07, 0.0906912
3.35299e-07, 0.0918167
3.3531e-07, 0.0929373
3.35322e-07, 0.0940505
3.35333e-07, 0.0951594
3.35344e-07, 0.0962712
3.35356e-07, 0.0973951
3.35367e-07, 0.0985395
3.35378e-07, 0.0997092
3.3539e-07, 0.100905
3.35401e-07, 0.102122
3.35412e-07, 0.103354
3.35423e-07, 0.104592
3.35435e-07, 0.105831
3.35446e-07, 0.107067
3.35457e-07, 0.108301
3.35469e-07, 0.109538
3.3548e-07, 0.110786
3.35491e-07, 0.112051
3.35503e-07, 0.113339
3.35514e-07, 0.114653
3.35525e-07, 0.115991
3.35537e-07, 0.117349
3.35548e-07, 0.118721
3.35559e-07, 0.120102
3.3557e-07, 0.12149
3.35582e-07, 0.122884
3.35593e-07, 0.124286
3.35604e-07, 0.1257
3.35616e-07, 0.127132
3.35627e-07, 0.128583
3.35638e-07, 0.130055
3.3565e-07, 0.131547
3.35661e-07, 0.133054
3.35672e-07, 0.134572
3.35684e-07, 0.136098
3.35695e-07, 0.137631
3.35706e-07, 0.139171
3.35717e-07, 0.140722
3.35729e-07, 0.142285
3.3574e-07, 0.143866
3.35751e-07, 0.145466
3.35763e-07, 0.147085
3.35774e-07, 0.148721
3.35785e-07, 0.15037
3.35797e-07, 0.152031
3.35808e-07, 0.153701
3.35819e-07, 0.155381
3.3583e-07, 0.157072
3.35842e-07, 0.158778
3.35853e-07, 0.160502
3.35864e-07, 0.162246
3.35876e-07, 0.164012
3.35887e-07, 0.165797
3.35898e-07, 0.1676
3.3591e-07, 0.169418
3.35921e-07, 0.171248
3.35932e-07, 0.173089
3.35944e-07, 0.174941
3.35955e-07, 0.176803
3.35966e-07, 0.178679
3.35977e-07, 0.180568
3.35989e-07, 0.182471
3.36e-07, 0.184388
3.36011e-07, 0.18632
3.36023e-07, 0.188267
3.36034e-07, 0.190229
3.36045e-07, 0.192207
3.36057e-07, 0.194204
3.36068e-07, 0.196221
3.36079e-07, 0.19826
3.36091e-07, 0.200319
3.36102e-07, 0.2024
3.36113e-07, 0.204499
3.36124e-07, 0.206617
3.36136e-07, 0.20875
3.36147e-07, 0.210899
3.36158e-07, 0.213062
3.3617e-07, 0.21524
3.36181e-07, 0.217433
3.36192e-07, 0.219642
3.36204e-07, 0.221867
3.36215e-07, 0.224107
3.36226e-07, 0.226364
3.36237e-07, 0.228638
3.36249e-07, 0.230928
3.3626e-07, 0.233236
3.36271e-07, 0.235562
3.36283e-07, 0.237906
3.36294e-07, 0.240268
3.36305e-07, 0.242647
3.36317e-07, 0.245044
3.36328e-07, 0.247458
3.36339e-07, 0.249888
3.36351e-07, 0.252337
3.36362e-07, 0.254803
3.36373e-07, 0.257289
3.36384e-07, 0.259794
3.36396e-07, 0.262321
3.36407e-07, 0.26487
3.36418e-07, 0.267441
3.3643e-07, 0.270035
3.36441e-07, 0.272652
3.36452e-07, 0.275292
3.36464e-07, 0.277954
3.36475e-07, 0.280639
3.36486e-07, 0.283347
3.36498e-07, 0.286079
3.36509e-07, 0.288836
3.3652e-07, 0.29162
3.36531e-07, 0.294431
3.36543e-07, 0.297273
3.36554e-07, 0.300146
3.36565e-07, 0.303053
3.36577e-07, 0.305994
3.36588e-07, 0.308971
3.36599e-07, 0.311983
3.36611e-07, 0.315031
3.36622e-07, 0.318115
3.36633e-07, 0.321235
3.36644e-07, 0.32439
3.36656e-07, 0.327581
3.36667e-07, 0.330808
3.36678e-07, 0.334073
3.3669e-07, 0.337376
3.36701e-07, 0.340718
3.36712e-07, 0.344102
3.36724e-07, 0.347532
3.36735e-07, 0.351016
3.36746e-07, 0.354566
3.36758e-07, 0.358203
3.36769e-07, 0.361957
3.3678e-07, 0.365873
3.36791e-07, 0.37001
3.36803e-07, 0.374446
3.36814e-07, 0.379276
3.36825e-07, 0.384617
3.36837e-07, 0.390601
3.36848e-07, 0.397375
3.36859e-07, 0.405092
3.36871e-07, 0.413907
3.36882e-07, 0.423964
3.36893e-07, 0.435386
3.36905e-07, 0.448267
3.36916e-07, 0.462659
3.36927e-07, 0.478571
3.36938e-07, 0.495967
3.3695e-07, 0.514774
3.36961e-07, 0.534894
3.36972e-07, 0.556227
3.36984e-07, 0.578691
3.36995e-07, 0.602249
3.37006e-07, 0.626922
3.37018e-07, 0.652793
3.37029e-07, 0.679998
3.3704e-07, 0.708685
3.37051e-07, 0.738966
3.37063e-07, 0.77084
3.37074e-07, 0.804116
3.37085e-07, 0.838336
3.37097e-07, 0.872715
3.37108e-07, 0.906117
3.37119e-07, 0.937068
3.37131e-07, 0.963821
3.37142e-07, 0.984472
3.37153e-07, 0.997112
3.37165e-07, 1
3.37176e-07, 0.99175
3.37187e-07, 0.971486
3.37198e-07, 0.93896
3.3721e-07, 0.894616
3.37221e-07, 0.839577
3.37232e-07, 0.775572
3.37244e-07, 0.7048
3.37255e-07, 0.629758
3.37266e-07, 0.553039
3.37278e-07, 0.477141
3.37289e-07, 0.404298
3.373e-07, 0.336352
3.37312e-07, 0.274668
3.37323e-07, 0.22011
3.37334e-07, 0.173059
3.37345e-07, 0.133471
3.37357e-07, 0.100956
3.37368e-07, 0.0748781
3.37379e-07, 0.0544481
3.37391e-07, 0.0388102
3.37402e-07, 0.0271131
3.37413e-07, 0.0185618
3.37425e-07, 0.0124511
3.37436e-07, 0.00818244
3.37447e-07, 0.00526736
3.37458e-07, 0.00332112
3.3747e-07, 0.00205072
3.37481e-07, 0.00123997
3.37492e-07, 0.00073409
3.37504e-07, 0.00042548
3.37515e-07, 0.000241412
3.37526e-07, 0.000134075
3.37538e-07, 7.28796e-05
3.37549e-07, 3.87703e-05
3.3756e-07, 2.01833e-05
3.37572e-07, 1.02814e-05
3.37583e-07, 5.12451e-06
3.37594e-07, 2.49895e-06
3.37605e-07, 1.19219e-06
3.37617e-07, 5.56396e-07
3.37628e-07, 2.54012e-07
3.37639e-07, 1.13431e-07
3.37651e-07, 4.9544e-08
3.37662e-07, 2.11649e-08
3.37673e-07, 8.84275e-09
3.37685e-07, 3.61314e-09
3.37696e-07, 1.44375e-09
3.37707e-07, 5.64147e-10
3.37719e-07, 2.15561e-10
3.3773e-07, 8.05404e-11
3.37741e-07, 2.94244e-11
3.37752e-07, 1.05109e-11
3.37764e-07, 3.67111e-12
3.37775e-07, 1.25363e-12
3.37786e-07, 4.1855e-13
3.37798e-07, 1.36621e-13
3.37809e-07, 4.35989e-14
3.3782e-07, 1.36022e-14
3.37832e-07, 4.14867e-15
3.37843e-07, 1.237e-15
3.37854e-07, 3.60564e-16
3.37865e-07, 1.0274e-16
3.37877e-07, 2.8618e-17
3.37888e-07, 7.79236e-18
3.37899e-07, 2.07408e-18
3.37911e-07, 5.3964e-19
3.37922e-07, 1.37246e-19
3.37933e-07, 3.41196e-20
3.37945e-07, 8.29115e-21
3.37956e-07, 1.96937e-21
3.37967e-07, 4.57233e-22
3.37979e-07, 1.03763e-22
3.3799e-07, 2.30162e-23
3.38001e-07, 4.99013e-24
3.38012e-07, 1.05748e-24
3.38024e-07, 2.19034e-25
3.38035e-07, 4.43433e-26
3.38046e-07, 8.77438e-27
3.38058e-07, 1.69697e-27
3.38069e-07, 3.20775e-28
3.3808e-07, 5.92641e-29
3.38092e-07, 1.07015e-29
3.38103e-07, 1.88867e-30
3.38114e-07, 3.25782e-31
3.38126e-07, 5.49228e-32
3.38137e-07, 9.04964e-33
3.38148e-07, 1.45734e-33
3.38159e-07, 2.29373e-34
3.38171e-07, 3.52833e-35
3.38182e-07, 5.30448e-36
3.38193e-07, 7.794e-37
3.38205e-07, 1.11923e-37
3.38216e-07, 1.5708e-38
3.38227e-07, 2.15458e-39
3.38239e-07, 2.8883e-40
3.3825e-07, 3.78407e-41
3.38261e-07, 4.84519e-42
3.38272e-07, 6.06314e-43
3.38284e-07, 7.41509e-44
3.38295e-07, 8.86274e-45
3.38306e-07, 1.03526e-45
3.38318e-07, 1.18185e-46
3.38329e-07, 1.31856e-47
3.3834e-07, 1.4377e-48
3.38352e-07, 1.53202e-49
3.38363e-07, 1.59545e-50
3.38374e-07, 1.62379e-51
3.38386e-07, 1.61509e-52
3.38397e-07, 1.56996e-53
3.38408e-07, 1.49143e-54
3.38419e-07, 1.38464e-55
3.38431e-07, 1.2563e-56
3.38442e-07, 1.11396e-57
3.38453e-07, 9.65303e-59
3.38465e-07, 8.17479e-60
3.38476e-07, 6.76562e-61
3.38487e-07, 5.47211e-62
3.38499e-07, 4.32533e-63
3.3851e-07, 3.34117e-64
3.38521e-07, 2.52228e-65
3.38533e-07, 1.86081e-66
3.38544e-07, 1.34161e-67
3.38555e-07, 9.45284e-69
3.38566e-07, 6.50896e-70
3.38578e-07, 4.37999e-71
3.38589e-07, 2.88036e-72
3.386e-07, 1.8511e-73
3.38612e-07, 1.16259e-74
3.38623e-07, 7.13562e-76
3.38634e-07, 4.28003e-77
3.38646e-07, 2.50883e-78
3.38657e-07, 1.43716e-79
3.38668e-07, 8.0454e-81
3.38679e-07, 4.40147e-82
3.38691e-07, 2.35318e-83
3.38702e-07, 1.22948e-84
3.38713e-07, 6.27759e-86
3.38725e-07, 3.13236e-87
3.38736e-07, 1.52741e-88
3.38747e-07, 7.27857e-90
3.38759e-07, 3.38955e-91
3.3877e-07, 1.54256e-92
3.38781e-07, 6.86037e-94
3.38793e-07, 2.98165e-95
3.38804e-07, 1.2664e-96
3.38815e-07, 5.2564e-98
3.38826e-07, 2.13211e-99
3.38838e-07, 8.45151e-101
3.38849e-07, 3.27387e-102
3.3886e-07, 1.23934e-103
3.38872e-07, 4.58483e-105
3.38883e-07, 1.65751e-106
3.38894e-07, 5.85589e-108
3.38906e-07, 2.02176e-109
3.38917e-07, 6.82132e-111
3.38928e-07, 2.2491e-112
3.3894e-07, 7.24684e-114
3.38951e-07, 2.28186e-115
3.38962e-07, 7.02152e-117
3.38973e-07, 2.11141e-118
3.38985e-07, 6.2046e-120
3.38996e-07, 1.78178e-121
3.39007e-07, 5.00029e-123
3.39019e-07, 1.37131e-124
3.3903e-07, 3.67514e-126
3.39041e-07, 9.62523e-128
3.39053e-07, 2.46347e-129
3.39064e-07, 6.16144e-131
3.39075e-07, 1.50597e-132
3.39086e-07, 3.59705e-134
3.39098e-07, 8.39606e-136
3.39109e-07, 1.91515e-137
3.3912e-07, 4.26901e-139
3.39132e-07, 9.29928e-141
3.39143e-07, 1.97956e-142
3.39154e-07, 4.11799e-144
3.39166e-07, 8.37141e-146
3.39177e-07, 1.66306e-147
3.39188e-07, 3.22861e-149
3.392e-07, 6.12519e-151
3.39211e-07, 1.13559e-152
3.39222e-07, 2.05739e-154
3.39233e-07, 3.64258e-156
3.39245e-07, 6.30228e-158
3.39256e-07, 1.06557e-159
3.39267e-07, 1.76061e-161
3.39279e-07, 2.84275e-163
3.3929e-07, 4.48549e-165
3.39301e-07, 6.91635e-167
3.39313e-07, 1.04217e-168
3.39324e-07, 1.53461e-170
3.39335e-07, 2.20826e-172
3.39347e-07, 3.10525e-174
3.39358e-07, 4.26717e-176
3.39369e-07, 5.7303e-178
3.3938e-07, 7.51985e-180
3.39392e-07, 9.64353e-182
3.39403e-07, 1.20853e-183
3.39414e-07, 1.48004e-185
3.39426e-07, 1.77126e-187
3.39437e-07, 2.07151e-189
3.39448e-07, 2.36748e-191
3.3946e-07, 2.6441e-193
3.39471e-07, 2.88579e-195
3.39482e-07, 3.07783e-197
3.39493e-07, 3.20789e-199
3.39505e-07, 3.26729e-201
3.39516e-07, 3.25199e-203
3.39527e-07, 3.16304e-205
3.39539e-07, 3.00645e-207
3.3955e-07, 2.79252e-209
3.39561e-07, 2.53473e-211
3.39573e-07, 2.24834e-213
3.39584e-07, 1.94887e-215
3.39595e-07, 1.65082e-217
3.39607e-07, 1.3665e-219
3.39618e-07, 1.10538e-221
3.39629e-07, 8.73787e-224
3.3964e-07, 6.74984e-226
3.39652e-07, 5.09536e-228
3.39663e-07, 3.75879e-230
3.39674e-07, 2.70966e-232
3.39686e-07, 1.90886e-234
3.39697e-07, 1.31409e-236
3.39708e-07, 8.84039e-239
3.3972e-07, 5.81178e-241
3.39731e-07, 3.73369e-243
3.39742e-07, 2.34402e-245
3.39754e-07, 1.43806e-247
3.39765e-07, 8.62152e-250
3.39776e-07, 5.05107e-252
3.39787e-07, 2.89185e-254
3.39799e-07, 1.61793e-256
3.3981e-07, 8.8458e-259
3.39821e-07, 4.72613e-261
3.39833e-07, 2.46756e-263
3.39844e-07, 1.25898e-265
3.39855e-07, 6.2772e-268
3.39867e-07, 3.05846e-270
3.39878e-07, 1.45624e-272
3.39889e-07, 6.7757e-275
3.399e-07, 3.08083e-277
3.39912e-07, 1.3689e-279
3.39923e-07, 5.94388e-282
3.39934e-07, 2.52208e-284
3.39946e-07, 1.04578e-286
3.39957e-07, 4.23753e-289
3.39968e-07, 1.67794e-291
3.3998e-07, 6.49283e-294
3.39991e-07, 2.45517e-296
3.40002e-07, 9.07239e-299
3.40014e-07, 3.27607e-301
3.40025e-07, 1.15605e-303
3.40036e-07, 3.98649e-306
3.40047e-07, 1.34337e-308
3.40059e-07, 4.42379e-311
3.4007e-07, 1.42359e-313
3.40081e-07, 4.47677e-316
3.40093e-07, 1.37574e-318
3.40104e-07, 4.13533e-321
3.40115e-07, 9.88131e-324
3.40127e-07, 0
3.40138e-07, 0
3.40149e-07, 0
3.40161e-07, 0
3.40172e-07, 0
3.40183e-07, 0
3.40194e-07, 0
3.40206e-07, 0
3.40217e-07, 0
3.40228e-07, 0
3.4024e-07, 0
3.40251e-07, 0
3.40262e-07, 0
3.40274e-07, 0
3.40285e-07, 0
3.40296e-07, 0
3.40307e-07, 0
3.40319e-07, 0
3.4033e-07, 0
3.40341e-07, 0
3.40353e-07, 0
3.40364e-07, 0
3.40375e-07, 0
3.40387e-07, 0
3.40398e-07, 0
3.40409e-07, 0
3.40421e-07, 0
3.40432e-07, 0
3.40443e-07, 0
3.40454e-07, 0
3.40466e-07, 0
3.40477e-07, 0
3.40488e-07, 0
3.405e-07, 0
3.40511e-07, 0
3.40522e-07, 0
3.40534e-07, 0
3.40545e-07, 0
3.40556e-07, 0
3.40568e-07, 0
3.40579e-07, 0
3.4059e-07, 0
3.40601e-07, 0
3.40613e-07, 0
3.40624e-07, 0
3.40635e-07, 0
3.40647e-07, 0
3.40658e-07, 0
3.40669e-07, 0
3.40681e-07, 0
3.40692e-07, 0
3.40703e-07, 0
3.40714e-07, 0
3.40726e-07, 0
3.40737e-07, 0
3.40748e-07, 0
3.4076e-07, 0
3.40771e-07, 0
3.40782e-07, 0
3.40794e-07, 0
3.40805e-07, 0
3.40816e-07, 0
3.40828e-07, 0
3.40839e-07, 0
3.4085e-07, 0
3.40861e-07, 0
3.40873e-07, 0
3.40884e-07, 0
3.40895e-07, 0
3.40907e-07, 0
3.40918e-07, 0
3.40929e-07, 0
3.40941e-07, 0
3.40952e-07, 0
3.40963e-07, 0
3.40975e-07, 0
3.40986e-07, 0
3.40997e-07, 0
3.41008e-07, 0
3.4102e-07, 0
3.41031e-07, 0
3.41042e-07, 0
3.41054e-07, 0
3.41065e-07, 0
3.41076e-07, 0
3.41088e-07, 0
3.41099e-07, 0
3.4111e-07, 0
3.41121e-07, 0
3.41133e-07, 0
3.41144e-07, 0
3.41155e-07, 0
3.41167e-07, 0
3.41178e-07, 0
3.41189e-07, 0
3.41201e-07, 0
3.41212e-07, 0
3.41223e-07, 0
3.41235e-07, 0
3.41246e-07, 0
3.41257e-07, 0
3.41268e-07, 0
3.4128e-07, 0
3.41291e-07, 0
3.41302e-07, 0
3.41314e-07, 0
3.41325e-07, 0
3.41336e-07, 0
3.41348e-07, 0
3.41359e-07, 0
3.4137e-07, 0
3.41382e-07, 0
3.41393e-07, 0
3.41404e-07, 0
3.41415e-07, 0
3.41427e-07, 0
3.41438e-07, 0
3.41449e-07, 0
3.41461e-07, 0
3.41472e-07, 0
3.41483e-07, 0
3.41495e-07, 0
3.41506e-07, 0
3.41517e-07, 0
3.41528e-07, 0
3.4154e-07, 0
3.41551e-07, 0
3.41562e-07, 0
3.41574e-07, 0
3.41585e-07, 0
3.41596e-07, 0
3.41608e-07, 0
3.41619e-07, 0
3.4163e-07, 0
3.41642e-07, 0
3.41653e-07, 0
3.41664e-07, 0
3.41675e-07, 0
3.41687e-07, 0
3.41698e-07, 0
3.41709e-07, 0
3.41721e-07, 0
3.41732e-07, 0
3.41743e-07, 0
3.41755e-07, 0
3.41766e-07, 0
3.41777e-07, 0
3.41789e-07, 0
3.418e-07, 0
3.41811e-07, 0
3.41822e-07, 0
3.41834e-07, 0
3.41845e-07, 0
3.41856e-07, 0
3.41868e-07, 0
3.41879e-07, 0
3.4189e-07, 0
3.41902e-07, 0
3.41913e-07, 0
3.41924e-07, 0
3.41935e-07, 0
3.41947e-07, 0
3.41958e-07, 0
3.41969e-07, 0
3.41981e-07, 0
3.41992e-07, 0
3.42003e-07, 0
3.42015e-07, 0
3.42026e-07, 0
3.42037e-07, 0
3.42049e-07, 0
3.4206e-07, 0
3.42071e-07, 0
3.42082e-07, 0
3.42094e-07, 0
3.42105e-07, 0
3.42116e-07, 0
3.42128e-07, 0
3.42139e-07, 0
3.4215e-07, 0
3.42162e-07, 0
3.42173e-07, 0
3.42184e-07, 0
3.42196e-07, 0
3.42207e-07, 0
3.42218e-07, 0
3.42229e-07, 0
3.42241e-07, 0
3.42252e-07, 0
3.42263e-07, 0
3.42275e-07, 0
3.42286e-07, 0
3.42297e-07, 0
3.42309e-07, 0
3.4232e-07, 0
3.42331e-07, 0
3.42342e-07, 0
3.42354e-07, 0
3.42365e-07, 0
3.42376e-07, 0
3.42388e-07, 0
3.42399e-07, 0
3.4241e-07, 0
3.42422e-07, 0
3.42433e-07, 0
3.42444e-07, 0
3.42456e-07, 0
3.42467e-07, 0
3.42478e-07, 0
3.42489e-07, 0
3.42501e-07, 0
3.42512e-07, 0
3.42523e-07, 0
3.42535e-07, 0
3.42546e-07, 0
3.42557e-07, 0
3.42569e-07, 0
3.4258e-07, 0
3.42591e-07, 0
3.42603e-07, 0
3.42614e-07, 0
3.42625e-07, 0
3.42636e-07, 0
3.42648e-07, 0
3.42659e-07, 0
3.4267e-07, 0
3.42682e-07, 0
3.42693e-07, 0
3.42704e-07, 0
3.42716e-07, 0
3.42727e-07, 0
3.42738e-07, 0
3.42749e-07, 0
3.42761e-07, 0
3.42772e-07, 0
3.42783e-07, 0
3.42795e-07, 0
3.42806e-07, 0
3.42817e-07, 0
3.42829e-07, 0
3.4284e-07, 0
3.42851e-07, 0
3.42863e-07, 0
3.42874e-07, 0
3.42885e-07, 0
3.42896e-07, 0
3.42908e-07, 0
3.42919e-07, 0
3.4293e-07, 0
3.42942e-07, 0
3.42953e-07, 0
3.42964e-07, 0
3.42976e-07, 0
3.42987e-07, 0
3.42998e-07, 0
3.4301e-07, 0
3.43021e-07, 0
3.43032e-07, 0
3.43043e-07, 0
3.43055e-07, 0
3.43066e-07, 0
3.43077e-07, 0
3.43089e-07, 0
3.431e-07, 0
3.43111e-07, 0
3.43123e-07, 0
3.43134e-07, 0
3.43145e-07, 0
3.43156e-07, 0
3.43168e-07, 0
3.43179e-07, 0
3.4319e-07, 0
3.43202e-07, 0
3.43213e-07, 0
3.43224e-07, 0
3.43236e-07, 0
3.43247e-07, 0
3.43258e-07, 0
3.4327e-07, 0
3.43281e-07, 0
3.43292e-07, 0
3.43303e-07, 0
3.43315e-07, 0
3.43326e-07, 0
3.43337e-07, 0
3.43349e-07, 0
3.4336e-07, 0
3.43371e-07, 0
3.43383e-07, 0
3.43394e-07, 0
3.43405e-07, 0
3.43417e-07, 0
3.43428e-07, 0
3.43439e-07, 0
3.4345e-07, 0
3.43462e-07, 0
3.43473e-07, 0
3.43484e-07, 0
3.43496e-07, 0
3.43507e-07, 0
3.43518e-07, 0
3.4353e-07, 0
3.43541e-07, 0
3.43552e-07, 0
3.43563e-07, 0
3.43575e-07, 0
3.43586e-07, 0
3.43597e-07, 0
3.43609e-07, 0
3.4362e-07, 0
3.43631e-07, 0
3.43643e-07, 0
3.43654e-07, 0
3.43665e-07, 0
3.43677e-07, 0
3.43688e-07, 0
3.43699e-07, 0
3.4371e-07, 0
3.43722e-07, 0
3.43733e-07, 0
3.43744e-07, 0
3.43756e-07, 0
3.43767e-07, 0
3.43778e-07, 0
3.4379e-07, 0
3.43801e-07, 0
